sector,quarter,report_date,available_from,accession,issuer_rows,unresolved_rows
XLC,2019q4,2019-09-30,2019-11-18,0001752724-19-166357,29,14
XLI,2019q4,2019-09-30,2019-11-18,0001752724-19-166353,71,21
XLF,2019q4,2019-09-30,2019-11-18,0001752724-19-166356,69,29
XLK,2019q4,2019-09-30,2019-11-18,0001752724-19-166370,70,24
XLRE,2019q4,2019-09-30,2019-11-18,0001752724-19-166259,34,8
XLP,2019q4,2019-09-30,2019-11-18,0001752724-19-166365,35,18
XLB,2019q4,2019-09-30,2019-11-18,0001752724-19-166363,30,9
XLE,2019q4,2019-09-30,2019-11-18,0001752724-19-166361,30,21
XLV,2019q4,2019-09-30,2019-11-18,0001752724-19-166359,64,22
XLU,2019q4,2019-09-30,2019-11-18,0001752724-19-166366,29,7
XLY,2019q4,2019-09-30,2019-11-18,0001752724-19-166364,65,17
XLU,2020q1,2019-12-31,2020-02-28,0001752724-20-042754,30,8
XLE,2020q1,2019-12-31,2020-02-28,0001752724-20-042748,30,20
XLV,2020q1,2019-12-31,2020-02-28,0001752724-20-042749,63,21
XLC,2020q1,2019-12-31,2020-02-28,0001752724-20-042746,28,13
XLK,2020q1,2019-12-31,2020-02-28,0001752724-20-042744,72,22
XLF,2020q1,2019-12-31,2020-02-28,0001752724-20-042753,68,28
XLI,2020q1,2019-12-31,2020-02-28,0001752724-20-042750,72,20
XLY,2020q1,2019-12-31,2020-02-28,0001752724-20-042743,66,18
XLP,2020q1,2019-12-31,2020-02-28,0001752724-20-042752,35,18
XLRE,2020q1,2019-12-31,2020-02-28,0001752724-20-042740,33,6
XLB,2020q1,2019-12-31,2020-02-28,0001752724-20-042755,30,9
XLP,2020q2,2020-03-31,2020-06-01,0001752724-20-111523,35,17
XLC,2020q2,2020-03-31,2020-06-01,0001752724-20-111518,28,13
XLK,2020q2,2020-03-31,2020-06-01,0001752724-20-111526,73,22
XLY,2020q2,2020-03-31,2020-06-01,0001752724-20-111520,66,18
XLU,2020q2,2020-03-31,2020-06-01,0001752724-20-111528,30,8
XLF,2020q2,2020-03-31,2020-06-01,0001752724-20-111519,68,29
XLB,2020q2,2020-03-31,2020-06-01,0001752724-20-111527,30,8
XLRE,2020q2,2020-03-31,2020-06-01,0001752724-20-111776,33,6
XLI,2020q2,2020-03-31,2020-06-01,0001752724-20-111521,73,19
XLE,2020q2,2020-03-31,2020-06-01,0001752724-20-111524,29,19
XLV,2020q2,2020-03-31,2020-06-01,0001752724-20-111522,62,20
XLC,2020q3,2020-06-30,2020-08-27,0001752724-20-177433,29,13
XLF,2020q3,2020-06-30,2020-08-27,0001752724-20-177268,68,28
XLY,2020q3,2020-06-30,2020-08-27,0001752724-20-177364,63,16
XLI,2020q3,2020-06-30,2020-08-27,0001752724-20-177354,74,16
XLB,2020q3,2020-06-30,2020-08-27,0001752724-20-177350,30,9
XLE,2020q3,2020-06-30,2020-08-27,0001752724-20-177301,28,18
XLK,2020q3,2020-06-30,2020-08-27,0001752724-20-177385,73,21
XLRE,2020q3,2020-06-30,2020-08-27,0001752724-20-177379,33,7
XLU,2020q3,2020-06-30,2020-08-27,0001752724-20-177275,30,8
XLP,2020q3,2020-06-30,2020-08-27,0001752724-20-177426,35,17
XLV,2020q3,2020-06-30,2020-08-27,0001752724-20-177262,64,20
XLC,2020q4,2020-09-30,2020-11-19,0001752724-20-236154,28,13
XLB,2020q4,2020-09-30,2020-11-19,0001752724-20-236137,30,9
XLI,2020q4,2020-09-30,2020-11-19,0001752724-20-236152,75,17
XLU,2020q4,2020-09-30,2020-11-19,0001752724-20-236109,30,8
XLP,2020q4,2020-09-30,2020-11-19,0001752724-20-236116,34,17
XLE,2020q4,2020-09-30,2020-11-19,0001752724-20-236111,29,19
XLV,2020q4,2020-09-30,2020-11-19,0001752724-20-236147,65,21
XLK,2020q4,2020-09-30,2020-11-19,0001752724-20-236142,73,20
XLF,2020q4,2020-09-30,2020-11-19,0001752724-20-236121,68,28
XLY,2020q4,2020-09-30,2020-11-19,0001752724-20-236135,62,16
XLRE,2020q4,2020-09-30,2020-11-19,0001752724-20-236115,33,7
XLB,2021q1,2020-12-31,2021-02-26,0001752724-21-043893,30,9
XLF,2021q1,2020-12-31,2021-02-26,0001752724-21-043901,67,27
XLRE,2021q1,2020-12-31,2021-02-26,0001752724-21-043947,32,6
XLC,2021q1,2020-12-31,2021-02-26,0001752724-21-043839,28,13
XLV,2021q1,2020-12-31,2021-02-26,0001752724-21-043965,65,20
XLU,2021q1,2020-12-31,2021-02-26,0001752724-21-043786,30,8
XLI,2021q1,2020-12-31,2021-02-26,0001752724-21-043812,75,17
XLK,2021q1,2020-12-31,2021-02-26,0001752724-21-043938,75,21
XLY,2021q1,2020-12-31,2021-02-26,0001752724-21-043958,64,16
XLP,2021q1,2020-12-31,2021-02-26,0001752724-21-043875,34,17
XLE,2021q1,2020-12-31,2021-02-26,0001752724-21-043939,28,18
XLC,2021q2,2021-03-31,2021-05-28,0001752724-21-118956,28,12
XLK,2021q2,2021-03-31,2021-05-28,0001752724-21-118952,76,22
XLP,2021q2,2021-03-31,2021-05-28,0001752724-21-118949,34,17
XLI,2021q2,2021-03-31,2021-05-28,0001752724-21-119019,76,17
XLRE,2021q2,2021-03-31,2021-05-28,0001752724-21-118934,29,4
XLE,2021q2,2021-03-31,2021-05-28,0001752724-21-118924,26,15
XLY,2021q2,2021-03-31,2021-05-28,0001752724-21-118971,65,16
XLF,2021q2,2021-03-31,2021-05-28,0001752724-21-118911,67,27
XLV,2021q2,2021-03-31,2021-05-28,0001752724-21-118943,65,20
XLU,2021q2,2021-03-31,2021-05-28,0001752724-21-118938,30,8
XLB,2021q2,2021-03-31,2021-05-28,0001752724-21-119083,30,9
XLE,2021q3,2021-06-30,2021-08-27,0001752724-21-189805,25,14
XLC,2021q3,2021-06-30,2021-08-27,0001752724-21-189796,28,12
XLV,2021q3,2021-06-30,2021-08-27,0001752724-21-189787,66,18
XLU,2021q3,2021-06-30,2021-08-27,0001752724-21-189806,30,8
XLP,2021q3,2021-06-30,2021-08-27,0001752724-21-189799,34,17
XLK,2021q3,2021-06-30,2021-08-27,0001752724-21-189786,77,21
XLB,2021q3,2021-06-30,2021-08-27,0001752724-21-189838,29,8
XLY,2021q3,2021-06-30,2021-08-27,0001752724-21-189794,65,16
XLF,2021q3,2021-06-30,2021-08-27,0001752724-21-189783,67,27
XLRE,2021q3,2021-06-30,2021-08-27,0001752724-21-189820,31,6
XLI,2021q3,2021-06-30,2021-08-27,0001752724-21-189816,77,18
XLF,2021q4,2021-09-30,2021-11-26,0001752724-21-258719,67,27
XLRE,2021q4,2021-09-30,2021-11-26,0001752724-21-258715,32,7
XLC,2021q4,2021-09-30,2021-11-26,0001752724-21-258726,29,12
XLP,2021q4,2021-09-30,2021-11-26,0001752724-21-258694,34,17
XLV,2021q4,2021-09-30,2021-11-26,0001752724-21-258720,66,17
XLU,2021q4,2021-09-30,2021-11-26,0001752724-21-258704,30,8
XLE,2021q4,2021-09-30,2021-11-26,0001752724-21-258730,24,14
XLY,2021q4,2021-09-30,2021-11-26,0001752724-21-258703,65,15
XLB,2021q4,2021-09-30,2021-11-26,0001752724-21-258712,29,8
XLI,2021q4,2021-09-30,2021-11-26,0001752724-21-258721,76,18
XLK,2021q4,2021-09-30,2021-11-26,0001752724-21-258701,78,21
XLC,2022q1,2021-12-31,2022-02-25,0001752724-22-048728,29,11
XLE,2022q1,2021-12-31,2022-02-25,0001752724-22-048811,24,14
XLK,2022q1,2021-12-31,2022-02-25,0001752724-22-048813,79,19
XLI,2022q1,2021-12-31,2022-02-25,0001752724-22-048852,75,17
XLRE,2022q1,2021-12-31,2022-02-25,0001752724-22-048721,32,7
XLV,2022q1,2021-12-31,2022-02-25,0001752724-22-048831,66,17
XLF,2022q1,2021-12-31,2022-02-25,0001752724-22-048851,69,28
XLU,2022q1,2021-12-31,2022-02-25,0001752724-22-048835,30,8
XLP,2022q1,2021-12-31,2022-02-25,0001752724-22-048758,34,17
XLB,2022q1,2021-12-31,2022-02-25,0001752724-22-048856,29,8
XLY,2022q1,2021-12-31,2022-02-25,0001752724-22-048714,63,14
XLI,2022q2,2022-03-31,2022-05-27,0001752724-22-127630,76,16
XLE,2022q2,2022-03-31,2022-05-27,0001752724-22-127613,23,13
XLF,2022q2,2022-03-31,2022-05-27,0001752724-22-127644,69,28
XLY,2022q2,2022-03-31,2022-05-27,0001752724-22-127627,62,13
XLC,2022q2,2022-03-31,2022-05-27,0001752724-22-127640,29,10
XLV,2022q2,2022-03-31,2022-05-27,0001752724-22-127609,67,17
XLRE,2022q2,2022-03-31,2022-05-27,0001752724-22-127620,31,6
XLK,2022q2,2022-03-31,2022-05-27,0001752724-22-127619,78,17
XLB,2022q2,2022-03-31,2022-05-27,0001752724-22-127612,30,9
XLU,2022q2,2022-03-31,2022-05-27,0001752724-22-127617,31,8
XLP,2022q2,2022-03-31,2022-05-27,0001752724-22-127598,34,17
XLK,2022q3,2022-06-30,2022-08-26,0001752724-22-197027,79,16
XLI,2022q3,2022-06-30,2022-08-26,0001752724-22-197023,75,16
XLV,2022q3,2022-06-30,2022-08-26,0001752724-22-197120,66,15
XLP,2022q3,2022-06-30,2022-08-26,0001752724-22-196983,35,17
XLY,2022q3,2022-06-30,2022-08-26,0001752724-22-197082,60,13
XLE,2022q3,2022-06-30,2022-08-26,0001752724-22-197089,23,13
XLB,2022q3,2022-06-30,2022-08-26,0001752724-22-196997,29,8
XLC,2022q3,2022-06-30,2022-08-26,0001752724-22-196991,28,8
XLRE,2022q3,2022-06-30,2022-08-26,0001752724-22-197030,33,7
XLU,2022q3,2022-06-30,2022-08-26,0001752724-22-196975,31,8
XLF,2022q3,2022-06-30,2022-08-26,0001752724-22-197051,68,27
XLY,2022q4,2022-09-30,2022-11-28,0001752724-22-271195,58,11
XLK,2022q4,2022-09-30,2022-11-28,0001752724-22-271215,79,16
XLB,2022q4,2022-09-30,2022-11-28,0001752724-22-271219,30,9
XLV,2022q4,2022-09-30,2022-11-28,0001752724-22-271213,66,15
XLC,2022q4,2022-09-30,2022-11-28,0001752724-22-271217,28,8
XLF,2022q4,2022-09-30,2022-11-28,0001752724-22-271181,68,27
XLP,2022q4,2022-09-30,2022-11-28,0001752724-22-271220,35,17
XLU,2022q4,2022-09-30,2022-11-28,0001752724-22-271189,31,8
XLI,2022q4,2022-09-30,2022-11-28,0001752724-22-271196,76,15
XLE,2022q4,2022-09-30,2022-11-28,0001752724-22-271202,24,14
XLRE,2022q4,2022-09-30,2022-11-28,0001752724-22-271223,34,5
XLRE,2023q1,2022-12-31,2023-02-28,0001752724-23-046870,33,4
XLY,2023q1,2022-12-31,2023-02-28,0001752724-23-046890,58,11
XLB,2023q1,2022-12-31,2023-02-28,0001752724-23-046866,32,10
XLE,2023q1,2022-12-31,2023-02-28,0001752724-23-046846,26,14
XLF,2023q1,2022-12-31,2023-02-28,0001752724-23-046946,69,27
XLI,2023q1,2022-12-31,2023-02-28,0001752724-23-046851,73,13
XLC,2023q1,2022-12-31,2023-02-28,0001752724-23-046909,27,7
XLU,2023q1,2022-12-31,2023-02-28,0001752724-23-046903,32,8
XLP,2023q1,2022-12-31,2023-02-28,0001752724-23-046826,35,17
XLK,2023q1,2022-12-31,2023-02-28,0001752724-23-046947,79,14
XLV,2023q1,2022-12-31,2023-02-28,0001752724-23-046898,65,14
XLC,2023q2,2023-03-31,2023-05-30,0001752724-23-123980,26,7
XLV,2023q2,2023-03-31,2023-05-30,0001752724-23-124012,67,13
XLU,2023q2,2023-03-31,2023-05-30,0001752724-23-123996,32,8
XLP,2023q2,2023-03-31,2023-05-30,0001752724-23-123969,39,18
XLY,2023q2,2023-03-31,2023-05-30,0001752724-23-123976,55,11
XLB,2023q2,2023-03-31,2023-05-30,0001752724-23-123986,32,10
XLI,2023q2,2023-03-31,2023-05-30,0001752724-23-124014,77,13
XLRE,2023q2,2023-03-31,2023-05-30,0001752724-23-123965,32,4
XLF,2023q2,2023-03-31,2023-05-30,0001752724-23-123975,75,26
XLK,2023q2,2023-03-31,2023-05-30,0001752724-23-124009,69,13
XLE,2023q2,2023-03-31,2023-05-30,0001752724-23-123993,26,14
XLB,2023q3,2023-06-30,2023-08-28,0001752724-23-196436,32,10
XLF,2023q3,2023-06-30,2023-08-28,0001752724-23-196560,74,25
XLP,2023q3,2023-06-30,2023-08-28,0001752724-23-196434,39,18
XLRE,2023q3,2023-06-30,2023-08-28,0001752724-23-196431,33,4
XLY,2023q3,2023-06-30,2023-08-28,0001752724-23-196579,55,11
XLK,2023q3,2023-06-30,2023-08-28,0001752724-23-196439,68,12
XLE,2023q3,2023-06-30,2023-08-28,0001752724-23-196485,26,14
XLV,2023q3,2023-06-30,2023-08-28,0001752724-23-196581,67,12
XLC,2023q3,2023-06-30,2023-08-28,0001752724-23-196452,24,5
XLU,2023q3,2023-06-30,2023-08-28,0001752724-23-196474,32,8
XLI,2023q3,2023-06-30,2023-08-29,0001752724-23-197690,79,14
XLK,2023q4,2023-09-30,2023-11-27,0001752724-23-267549,68,12
XLV,2023q4,2023-09-30,2023-11-27,0001752724-23-267539,67,11
XLRE,2023q4,2023-09-30,2023-11-27,0001752724-23-267557,33,4
XLI,2023q4,2023-09-30,2023-11-28,0001752724-23-267597,78,12
XLU,2023q4,2023-09-30,2023-11-27,0001752724-23-267565,32,7
XLF,2023q4,2023-09-30,2023-11-28,0001752724-23-267650,74,24
XLE,2023q4,2023-09-30,2023-11-28,0001752724-23-267589,26,14
XLP,2023q4,2023-09-30,2023-11-28,0001752724-23-267619,40,18
XLY,2023q4,2023-09-30,2023-11-28,0001752724-23-267625,54,11
XLC,2023q4,2023-09-30,2023-11-28,0001752724-23-267715,24,5
XLB,2023q4,2023-09-30,2023-11-28,0001752724-23-267624,32,10
