symbol,effective_from,effective_to,weight,source
AAPL,2019-09-30,2099-12-31,17.51932574376,SEC-NPORT-2019q4
AAPL,2019-12-31,2099-12-31,19.71343990177,SEC-NPORT-2020q1
AAPL,2020-03-31,2099-12-31,19.42788992025,SEC-NPORT-2020q2
AAPL,2020-06-30,2099-12-31,21.07682563727,SEC-NPORT-2020q3
AAPL,2020-09-30,2099-12-31,23.69699277677,SEC-NPORT-2020q4
AAPL,2020-12-31,2099-12-31,24.22638235042,SEC-NPORT-2021q1
AAPL,2021-03-31,2099-12-31,21.48462771169,SEC-NPORT-2021q2
AAPL,2021-06-30,2099-12-31,21.50719233738,SEC-NPORT-2021q3
AAPL,2021-09-30,2099-12-31,21.96571348183,SEC-NPORT-2021q4
AAPL,2021-12-31,2099-12-31,23.46250924786,SEC-NPORT-2022q1
AAPL,2022-03-31,2099-12-31,23.45406433069,SEC-NPORT-2022q2
AAPL,2022-06-30,2099-12-31,24.50198786432,SEC-NPORT-2022q3
AAPL,2022-09-30,2099-12-31,23.26103565248,SEC-NPORT-2022q4
AAPL,2022-12-31,2099-12-31,21.97450513358,SEC-NPORT-2023q1
AAPL,2023-03-31,2099-12-31,22.77570175659,SEC-NPORT-2023q2
AAPL,2023-06-30,2099-12-31,23.4563976784,SEC-NPORT-2023q3
AAPL,2023-09-30,2099-12-31,23.23034267301,SEC-NPORT-2023q4
ACN,2019-09-30,2099-12-31,2.256696579832,SEC-NPORT-2019q4
ACN,2019-12-31,2099-12-31,2.149403191056,SEC-NPORT-2020q1
ACN,2020-03-31,2099-12-31,1.89653311644,SEC-NPORT-2020q2
ACN,2020-06-30,2099-12-31,1.939700076612,SEC-NPORT-2020q3
ACN,2020-09-30,2099-12-31,1.829974161878,SEC-NPORT-2020q4
ACN,2020-12-31,2099-12-31,1.890673010724,SEC-NPORT-2021q1
ACN,2021-03-31,2099-12-31,1.952855780046,SEC-NPORT-2021q2
ACN,2021-06-30,2099-12-31,1.875869422651,SEC-NPORT-2021q3
ACN,2021-09-30,2099-12-31,2.005457926758,SEC-NPORT-2021q4
ACN,2021-12-31,2099-12-31,2.306570536825,SEC-NPORT-2022q1
ACN,2022-03-31,2099-12-31,2.088866634725,SEC-NPORT-2022q2
ACN,2022-06-30,2099-12-31,2.063154984601,SEC-NPORT-2022q3
ACN,2022-09-30,2099-12-31,2.124836807002,SEC-NPORT-2022q4
ACN,2022-12-31,2099-12-31,2.067544078025,SEC-NPORT-2023q1
ACN,2023-03-31,2099-12-31,2.369763737679,SEC-NPORT-2023q2
ACN,2023-06-30,2099-12-31,2.350642364808,SEC-NPORT-2023q3
ACN,2023-09-30,2099-12-31,2.428831974409,SEC-NPORT-2023q4
ADBE,2019-09-30,2099-12-31,2.469228482716,SEC-NPORT-2019q4
ADBE,2019-12-31,2099-12-31,2.566219216666,SEC-NPORT-2020q1
ADBE,2020-03-31,2099-12-31,2.818024675759,SEC-NPORT-2020q2
ADBE,2020-06-30,2099-12-31,2.974172637596,SEC-NPORT-2020q3
ADBE,2020-09-30,2099-12-31,2.994189190217,SEC-NPORT-2020q4
ADBE,2020-12-31,2099-12-31,2.74083474005,SEC-NPORT-2021q1
ADBE,2021-03-31,2099-12-31,2.5396464434,SEC-NPORT-2021q2
ADBE,2021-06-30,2099-12-31,2.802284212077,SEC-NPORT-2021q3
ADBE,2021-09-30,2099-12-31,2.711228226426,SEC-NPORT-2021q4
ADBE,2021-12-31,2099-12-31,2.376678221158,SEC-NPORT-2022q1
ADBE,2022-03-31,2099-12-31,2.106463092799,SEC-NPORT-2022q2
ADBE,2022-06-30,2099-12-31,2.029140261369,SEC-NPORT-2022q3
ADBE,2022-09-30,2099-12-31,1.681443496199,SEC-NPORT-2022q4
ADBE,2022-12-31,2099-12-31,1.923949284196,SEC-NPORT-2023q1
ADBE,2023-03-31,2099-12-31,2.322825121896,SEC-NPORT-2023q2
ADBE,2023-06-30,2099-12-31,2.705539282653,SEC-NPORT-2023q3
ADBE,2023-09-30,2099-12-31,2.913909737445,SEC-NPORT-2023q4
ADI,2019-09-30,2099-12-31,.759988688617,SEC-NPORT-2019q4
ADI,2019-12-31,2099-12-31,.703519153326,SEC-NPORT-2020q1
ADI,2020-03-31,2099-12-31,.603969929697,SEC-NPORT-2020q2
ADI,2020-06-30,2099-12-31,.640741251536,SEC-NPORT-2020q3
ADI,2020-09-30,2099-12-31,.54910906646,SEC-NPORT-2020q4
ADI,2020-12-31,2099-12-31,.623568932613,SEC-NPORT-2021q1
ADI,2021-03-31,2099-12-31,.637619135781,SEC-NPORT-2021q2
ADI,2021-06-30,2099-12-31,.635426166036,SEC-NPORT-2021q3
ADI,2021-09-30,2099-12-31,.890526310247,SEC-NPORT-2021q4
ADI,2021-12-31,2099-12-31,.832101126359,SEC-NPORT-2022q1
ADI,2022-03-31,2099-12-31,.850464205813,SEC-NPORT-2022q2
ADI,2022-06-30,2099-12-31,.896880065814,SEC-NPORT-2022q3
ADI,2022-09-30,2099-12-31,.945601711228,SEC-NPORT-2022q4
ADI,2022-12-31,2099-12-31,1.037474779689,SEC-NPORT-2023q1
ADI,2023-03-31,2099-12-31,1.316105144191,SEC-NPORT-2023q2
ADI,2023-06-30,2099-12-31,1.188645598151,SEC-NPORT-2023q3
ADI,2023-09-30,2099-12-31,1.100707943337,SEC-NPORT-2023q4
ADP,2019-09-30,2099-12-31,1.289858994794,SEC-NPORT-2019q4
ADP,2019-12-31,2099-12-31,1.185784598481,SEC-NPORT-2020q1
ADP,2020-03-31,2099-12-31,1.081821865651,SEC-NPORT-2020q2
ADP,2020-06-30,2099-12-31,.907417869685,SEC-NPORT-2020q3
ADP,2020-09-30,2099-12-31,.763361407607,SEC-NPORT-2020q4
ADP,2020-12-31,2099-12-31,.863161966203,SEC-NPORT-2021q1
ADP,2021-03-31,2099-12-31,.898960135333,SEC-NPORT-2021q2
ADP,2021-06-30,2099-12-31,.846069673245,SEC-NPORT-2021q3
ADP,2021-09-30,2099-12-31,.836135899193,SEC-NPORT-2021q4
ADP,2021-12-31,2099-12-31,.915313259402,SEC-NPORT-2022q1
ADP,2022-03-31,2099-12-31,.936738669137,SEC-NPORT-2022q2
ADP,2022-06-30,2099-12-31,1.029396227616,SEC-NPORT-2022q3
ADP,2022-09-30,2099-12-31,1.227006888095,SEC-NPORT-2022q4
ADP,2022-12-31,2099-12-31,1.218483073034,SEC-NPORT-2023q1
ADSK,2019-09-30,2099-12-31,.597226659615,SEC-NPORT-2019q4
ADSK,2019-12-31,2099-12-31,.648833761988,SEC-NPORT-2020q1
ADSK,2020-03-31,2099-12-31,.628254916007,SEC-NPORT-2020q2
ADSK,2020-06-30,2099-12-31,.743547965032,SEC-NPORT-2020q3
ADSK,2020-09-30,2099-12-31,.644747095798,SEC-NPORT-2020q4
ADSK,2020-12-31,2099-12-31,.767082826862,SEC-NPORT-2021q1
ADSK,2021-03-31,2099-12-31,.679259501305,SEC-NPORT-2021q2
ADSK,2021-06-30,2099-12-31,.642223843612,SEC-NPORT-2021q3
ADSK,2021-09-30,2099-12-31,.620198421107,SEC-NPORT-2021q4
ADSK,2021-12-31,2099-12-31,.544587846534,SEC-NPORT-2022q1
ADSK,2022-03-31,2099-12-31,.462105240248,SEC-NPORT-2022q2
ADSK,2022-06-30,2099-12-31,.438838592519,SEC-NPORT-2022q3
ADSK,2022-09-30,2099-12-31,.529852523955,SEC-NPORT-2022q4
ADSK,2022-12-31,2099-12-31,.496051670582,SEC-NPORT-2023q1
ADSK,2023-03-31,2099-12-31,.591347174873,SEC-NPORT-2023q2
ADSK,2023-06-30,2099-12-31,.528521098631,SEC-NPORT-2023q3
ADSK,2023-09-30,2099-12-31,.554420991394,SEC-NPORT-2023q4
AKAM,2019-09-30,2099-12-31,.276929966583,SEC-NPORT-2019q4
AKAM,2019-12-31,2099-12-31,.224379347115,SEC-NPORT-2020q1
AKAM,2020-03-31,2099-12-31,.270446366124,SEC-NPORT-2020q2
AKAM,2020-06-30,2099-12-31,.246442040824,SEC-NPORT-2020q3
AKAM,2020-09-30,2099-12-31,.228906250587,SEC-NPORT-2020q4
AKAM,2020-12-31,2099-12-31,.195256531024,SEC-NPORT-2021q1
AKAM,2021-03-31,2099-12-31,.18538816679,SEC-NPORT-2021q2
AKAM,2021-06-30,2099-12-31,.190629468076,SEC-NPORT-2021q3
AKAM,2021-09-30,2099-12-31,.168352797778,SEC-NPORT-2021q4
AKAM,2021-12-31,2099-12-31,.167515407023,SEC-NPORT-2022q1
AKAM,2022-03-31,2099-12-31,.190131890149,SEC-NPORT-2022q2
AKAM,2022-06-30,2099-12-31,.171754037013,SEC-NPORT-2022q3
AKAM,2022-09-30,2099-12-31,.166689200545,SEC-NPORT-2022q4
AKAM,2022-12-31,2099-12-31,.162994450532,SEC-NPORT-2023q1
AKAM,2023-03-31,2099-12-31,.16210145196,SEC-NPORT-2023q2
AKAM,2023-06-30,2099-12-31,.164987126425,SEC-NPORT-2023q3
AKAM,2023-09-30,2099-12-31,.203028164266,SEC-NPORT-2023q4
AMD,2019-09-30,2099-12-31,.579472903351,SEC-NPORT-2019q4
AMD,2019-12-31,2099-12-31,.820869745072,SEC-NPORT-2020q1
AMD,2020-03-31,2099-12-31,.973078789385,SEC-NPORT-2020q2
AMD,2020-06-30,2099-12-31,.873775406781,SEC-NPORT-2020q3
AMD,2020-09-30,2099-12-31,1.225213384943,SEC-NPORT-2020q4
AMD,2020-12-31,2099-12-31,1.260110144775,SEC-NPORT-2021q1
AMD,2021-03-31,2099-12-31,1.060233590161,SEC-NPORT-2021q2
AMD,2021-06-30,2099-12-31,1.142505890562,SEC-NPORT-2021q3
AMD,2021-09-30,2099-12-31,1.233806677201,SEC-NPORT-2021q4
AMD,2021-12-31,2099-12-31,1.530779413464,SEC-NPORT-2022q1
AMD,2022-03-31,2099-12-31,1.751922909424,SEC-NPORT-2022q2
AMD,2022-06-30,2099-12-31,1.453780860977,SEC-NPORT-2022q3
AMD,2022-09-30,2099-12-31,1.33534408603,SEC-NPORT-2022q4
AMD,2022-12-31,2099-12-31,1.284230793833,SEC-NPORT-2023q1
AMD,2023-03-31,2099-12-31,2.080623251629,SEC-NPORT-2023q2
AMD,2023-06-30,2099-12-31,2.21260956859,SEC-NPORT-2023q3
AMD,2023-09-30,2099-12-31,2.082812275055,SEC-NPORT-2023q4
ANET,2019-09-30,2099-12-31,.239467259512,SEC-NPORT-2019q4
ANET,2019-12-31,2099-12-31,.177342535073,SEC-NPORT-2020q1
ANET,2020-03-31,2099-12-31,.201022996606,SEC-NPORT-2020q2
ANET,2020-06-30,2099-12-31,.160116519189,SEC-NPORT-2020q3
ANET,2020-09-30,2099-12-31,.144035135116,SEC-NPORT-2020q4
ANET,2020-12-31,2099-12-31,.180869016749,SEC-NPORT-2021q1
ANET,2021-03-31,2099-12-31,.184914906529,SEC-NPORT-2021q2
ANET,2021-06-30,2099-12-31,.199452645364,SEC-NPORT-2021q3
ANET,2021-09-30,2099-12-31,.190269430175,SEC-NPORT-2021q4
ANET,2021-12-31,2099-12-31,.284059316772,SEC-NPORT-2022q1
ANET,2022-03-31,2099-12-31,.30557238196,SEC-NPORT-2022q2
ANET,2022-06-30,2099-12-31,.247483524438,SEC-NPORT-2022q3
ANET,2022-09-30,2099-12-31,.363261047216,SEC-NPORT-2022q4
ANET,2022-12-31,2099-12-31,.36935650408,SEC-NPORT-2023q1
ANET,2023-03-31,2099-12-31,.547025285668,SEC-NPORT-2023q2
ANET,2023-06-30,2099-12-31,.488125653,SEC-NPORT-2023q3
ANET,2023-09-30,2099-12-31,.578270085579,SEC-NPORT-2023q4
AVGO,2019-09-30,2099-12-31,2.023571711576,SEC-NPORT-2019q4
AVGO,2019-12-31,2099-12-31,2.014921204562,SEC-NPORT-2020q1
AVGO,2020-03-31,2099-12-31,1.72034546076,SEC-NPORT-2020q2
AVGO,2020-06-30,2099-12-31,1.789352083494,SEC-NPORT-2020q3
AVGO,2020-09-30,2099-12-31,1.864901629607,SEC-NPORT-2020q4
AVGO,2020-12-31,2099-12-31,2.023285648956,SEC-NPORT-2021q1
AVGO,2021-03-31,2099-12-31,2.109653693004,SEC-NPORT-2021q2
AVGO,2021-06-30,2099-12-31,1.949082850113,SEC-NPORT-2021q3
AVGO,2021-09-30,2099-12-31,1.966689166145,SEC-NPORT-2021q4
AVGO,2021-12-31,2099-12-31,2.412683579059,SEC-NPORT-2022q1
AVGO,2022-03-31,2099-12-31,2.548115129054,SEC-NPORT-2022q2
AVGO,2022-06-30,2099-12-31,2.326980296373,SEC-NPORT-2022q3
AVGO,2022-09-30,2099-12-31,2.340824204595,SEC-NPORT-2022q4
AVGO,2022-12-31,2099-12-31,2.784672236755,SEC-NPORT-2023q1
AVGO,2023-03-31,2099-12-31,3.529778237643,SEC-NPORT-2023q2
AVGO,2023-06-30,2099-12-31,4.362215363614,SEC-NPORT-2023q3
AVGO,2023-09-30,2099-12-31,4.297452590082,SEC-NPORT-2023q4
BR,2019-09-30,2099-12-31,.261864652771,SEC-NPORT-2019q4
BR,2019-12-31,2099-12-31,.227636540209,SEC-NPORT-2020q1
BR,2020-03-31,2099-12-31,.19885162985,SEC-NPORT-2020q2
BR,2020-06-30,2099-12-31,.205438984395,SEC-NPORT-2020q3
BR,2020-09-30,2099-12-31,.193840336182,SEC-NPORT-2020q4
BR,2020-12-31,2099-12-31,.202611578422,SEC-NPORT-2021q1
BR,2021-03-31,2099-12-31,.197609828936,SEC-NPORT-2021q2
BR,2021-06-30,2099-12-31,.187378301795,SEC-NPORT-2021q3
BR,2021-09-30,2099-12-31,.191363883077,SEC-NPORT-2021q4
BR,2021-12-31,2099-12-31,.187756727564,SEC-NPORT-2022q1
BR,2022-03-31,2099-12-31,.178201941454,SEC-NPORT-2022q2
BR,2022-06-30,2099-12-31,.196026643446,SEC-NPORT-2022q3
BR,2022-09-30,2099-12-31,.220864461552,SEC-NPORT-2022q4
BR,2022-12-31,2099-12-31,.19406416099,SEC-NPORT-2023q1
CDNS,2019-09-30,2099-12-31,.340897260564,SEC-NPORT-2019q4
CDNS,2019-12-31,2099-12-31,.312816573013,SEC-NPORT-2020q1
CDNS,2020-03-31,2099-12-31,.338956640794,SEC-NPORT-2020q2
CDNS,2020-06-30,2099-12-31,.379904265431,SEC-NPORT-2020q3
CDNS,2020-09-30,2099-12-31,.378384898454,SEC-NPORT-2020q4
CDNS,2020-12-31,2099-12-31,.434747264415,SEC-NPORT-2021q1
CDNS,2021-03-31,2099-12-31,.425965105083,SEC-NPORT-2021q2
CDNS,2021-06-30,2099-12-31,.381825524746,SEC-NPORT-2021q3
CDNS,2021-09-30,2099-12-31,.414356442873,SEC-NPORT-2021q4
CDNS,2021-12-31,2099-12-31,.454937610208,SEC-NPORT-2022q1
CDNS,2022-03-31,2099-12-31,.446731422906,SEC-NPORT-2022q2
CDNS,2022-06-30,2099-12-31,.48537293656,SEC-NPORT-2022q3
CDNS,2022-09-30,2099-12-31,.584316869135,SEC-NPORT-2022q4
CDNS,2022-12-31,2099-12-31,.541905651103,SEC-NPORT-2023q1
CDNS,2023-03-31,2099-12-31,.758793398072,SEC-NPORT-2023q2
CDNS,2023-06-30,2099-12-31,.771362526056,SEC-NPORT-2023q3
CDNS,2023-09-30,2099-12-31,.798399717896,SEC-NPORT-2023q4
CRM,2022-06-30,2099-12-31,1.923664456297,SEC-NPORT-2022q3
CRM,2022-09-30,2099-12-31,1.868485949446,SEC-NPORT-2022q4
CRM,2022-12-31,2099-12-31,1.630502178803,SEC-NPORT-2023q1
CRM,2023-03-31,2099-12-31,2.630378411347,SEC-NPORT-2023q2
CRM,2023-06-30,2099-12-31,2.49476564776,SEC-NPORT-2023q3
CRM,2023-09-30,2099-12-31,2.476307314587,SEC-NPORT-2023q4
CSCO,2019-09-30,2099-12-31,3.862426458005,SEC-NPORT-2019q4
CSCO,2019-12-31,2099-12-31,3.270233128174,SEC-NPORT-2020q1
CSCO,2020-03-31,2099-12-31,3.050487960417,SEC-NPORT-2020q2
CSCO,2020-06-30,2099-12-31,2.80488036488,SEC-NPORT-2020q3
CSCO,2020-09-30,2099-12-31,2.12243898858,SEC-NPORT-2020q4
CSCO,2020-12-31,2099-12-31,2.160235973603,SEC-NPORT-2021q1
CSCO,2022-03-31,2099-12-31,2.30493957105,SEC-NPORT-2022q2
CSCO,2022-06-30,2099-12-31,2.078066055418,SEC-NPORT-2022q3
CSCO,2022-09-30,2099-12-31,2.162481464535,SEC-NPORT-2022q4
CSCO,2022-12-31,2099-12-31,2.405456136146,SEC-NPORT-2023q1
CSCO,2023-03-31,2099-12-31,2.827466878662,SEC-NPORT-2023q2
CSCO,2023-06-30,2099-12-31,2.556167675661,SEC-NPORT-2023q3
CSCO,2023-09-30,2099-12-31,2.746693298143,SEC-NPORT-2023q4
CTSH,2019-12-31,2099-12-31,.545847411112,SEC-NPORT-2020q1
CTSH,2020-03-31,2099-12-31,.465442382346,SEC-NPORT-2020q2
CTSH,2020-06-30,2099-12-31,.435563362003,SEC-NPORT-2020q3
CTSH,2020-09-30,2099-12-31,.479109757181,SEC-NPORT-2020q4
CTSH,2020-12-31,2099-12-31,.50054166198,SEC-NPORT-2021q1
CTSH,2021-03-31,2099-12-31,.461996563681,SEC-NPORT-2021q2
CTSH,2021-06-30,2099-12-31,.365680627576,SEC-NPORT-2021q3
CTSH,2021-09-30,2099-12-31,.385577604065,SEC-NPORT-2021q4
CTSH,2021-12-31,2099-12-31,.410497154969,SEC-NPORT-2022q1
CTSH,2022-03-31,2099-12-31,.461606227975,SEC-NPORT-2022q2
CTSH,2022-06-30,2099-12-31,.412646734621,SEC-NPORT-2022q3
CTSH,2022-09-30,2099-12-31,.388281506947,SEC-NPORT-2022q4
CTSH,2022-12-31,2099-12-31,.361426437895,SEC-NPORT-2023q1
CTSH,2023-03-31,2099-12-31,.408331579561,SEC-NPORT-2023q2
CTSH,2023-06-30,2099-12-31,.399592037948,SEC-NPORT-2023q3
CTSH,2023-09-30,2099-12-31,.428929800673,SEC-NPORT-2023q4
DXC,2019-09-30,2099-12-31,.142291929381,SEC-NPORT-2019q4
DXC,2019-12-31,2099-12-31,.154668513838,SEC-NPORT-2020q1
DXC,2020-03-31,2099-12-31,.06111481831,SEC-NPORT-2020q2
DXC,2020-06-30,2099-12-31,.0593315752,SEC-NPORT-2020q3
DXC,2020-09-30,2099-12-31,.057904316837,SEC-NPORT-2020q4
DXC,2020-12-31,2099-12-31,.074841417903,SEC-NPORT-2021q1
DXC,2021-03-31,2099-12-31,.088709394355,SEC-NPORT-2021q2
DXC,2021-06-30,2099-12-31,.099281852654,SEC-NPORT-2021q3
DXC,2021-09-30,2099-12-31,.083692690234,SEC-NPORT-2021q4
DXC,2021-12-31,2099-12-31,.071522181739,SEC-NPORT-2022q1
DXC,2022-03-31,2099-12-31,.078185798482,SEC-NPORT-2022q2
DXC,2022-06-30,2099-12-31,.086887612035,SEC-NPORT-2022q3
DXC,2022-09-30,2099-12-31,.073468275603,SEC-NPORT-2022q4
DXC,2022-12-31,2099-12-31,.074973574458,SEC-NPORT-2023q1
DXC,2023-03-31,2099-12-31,.076618599172,SEC-NPORT-2023q2
DXC,2023-06-30,2099-12-31,.073380377241,SEC-NPORT-2023q3
DXC,2023-09-30,2099-12-31,.053582660075,SEC-NPORT-2023q4
ENPH,2021-03-31,2099-12-31,.233309503675,SEC-NPORT-2021q2
ENPH,2021-06-30,2099-12-31,.249441939584,SEC-NPORT-2021q3
ENPH,2021-09-30,2099-12-31,.19957503957,SEC-NPORT-2021q4
ENPH,2021-12-31,2099-12-31,.217400860093,SEC-NPORT-2022q1
ENPH,2022-03-31,2099-12-31,.264864442957,SEC-NPORT-2022q2
ENPH,2022-06-30,2099-12-31,.309262784035,SEC-NPORT-2022q3
ENPH,2022-09-30,2099-12-31,.49066852925,SEC-NPORT-2022q4
ENPH,2022-12-31,2099-12-31,.442890168764,SEC-NPORT-2023q1
ENPH,2023-03-31,2099-12-31,.376353099866,SEC-NPORT-2023q2
ENPH,2023-06-30,2099-12-31,.276863283603,SEC-NPORT-2023q3
ENPH,2023-09-30,2099-12-31,.205409618204,SEC-NPORT-2023q4
EPAM,2021-12-31,2099-12-31,.333970406524,SEC-NPORT-2022q1
EPAM,2022-03-31,2099-12-31,.164867309558,SEC-NPORT-2022q2
EPAM,2022-06-30,2099-12-31,.197615733971,SEC-NPORT-2022q3
EPAM,2022-09-30,2099-12-31,.271261477022,SEC-NPORT-2022q4
EPAM,2022-12-31,2099-12-31,.23177538035,SEC-NPORT-2023q1
EPAM,2023-03-31,2099-12-31,.226408356613,SEC-NPORT-2023q2
EPAM,2023-06-30,2099-12-31,.156992713694,SEC-NPORT-2023q3
EPAM,2023-09-30,2099-12-31,.185794522387,SEC-NPORT-2023q4
FFIV,2021-12-31,2099-12-31,.130001691422,SEC-NPORT-2022q1
FFIV,2022-03-31,2099-12-31,.124343696272,SEC-NPORT-2022q2
FFIV,2022-06-30,2099-12-31,.108525206631,SEC-NPORT-2022q3
FFIV,2022-09-30,2099-12-31,.112551591609,SEC-NPORT-2022q4
FFIV,2022-12-31,2099-12-31,.105640521742,SEC-NPORT-2023q1
FFIV,2023-03-31,2099-12-31,.115328888217,SEC-NPORT-2023q2
FFIV,2023-06-30,2099-12-31,.106690730252,SEC-NPORT-2023q3
FFIV,2023-09-30,2099-12-31,.119808001366,SEC-NPORT-2023q4
FICO,2023-03-31,2099-12-31,.232675018219,SEC-NPORT-2023q2
FICO,2023-06-30,2099-12-31,.243919537578,SEC-NPORT-2023q3
FICO,2023-09-30,2099-12-31,.270704654827,SEC-NPORT-2023q4
FIS,2019-09-30,2099-12-31,1.499575883395,SEC-NPORT-2019q4
FIS,2019-12-31,2099-12-31,1.373993256926,SEC-NPORT-2020q1
FIS,2020-03-31,2099-12-31,1.367537389526,SEC-NPORT-2020q2
FIS,2020-06-30,2099-12-31,1.174839915083,SEC-NPORT-2020q3
FIS,2020-09-30,2099-12-31,1.160936081186,SEC-NPORT-2020q4
FIS,2020-12-31,2099-12-31,1.002787109418,SEC-NPORT-2021q1
FIS,2021-03-31,2099-12-31,.97343788124,SEC-NPORT-2021q2
FIS,2021-06-30,2099-12-31,.879473158451,SEC-NPORT-2021q3
FIS,2021-09-30,2099-12-31,.742981439748,SEC-NPORT-2021q4
FIS,2021-12-31,2099-12-31,.585497559178,SEC-NPORT-2022q1
FIS,2022-03-31,2099-12-31,.599331207417,SEC-NPORT-2022q2
FIS,2022-06-30,2099-12-31,.656843889748,SEC-NPORT-2022q3
FIS,2022-09-30,2099-12-31,.599838152646,SEC-NPORT-2022q4
FIS,2022-12-31,2099-12-31,.495093311822,SEC-NPORT-2023q1
FISV,2019-09-30,2099-12-31,1.088827115249,SEC-NPORT-2019q4
FISV,2019-12-31,2099-12-31,1.061422940982,SEC-NPORT-2020q1
FISV,2020-03-31,2099-12-31,.992349019352,SEC-NPORT-2020q2
FISV,2020-06-30,2099-12-31,.778512659765,SEC-NPORT-2020q3
FISV,2020-09-30,2099-12-31,.728997741889,SEC-NPORT-2020q4
FISV,2020-12-31,2099-12-31,.74776591016,SEC-NPORT-2021q1
FISV,2021-03-31,2099-12-31,.76385053473,SEC-NPORT-2021q2
FISV,2021-06-30,2099-12-31,.636971294754,SEC-NPORT-2021q3
FISV,2021-09-30,2099-12-31,.639215550882,SEC-NPORT-2021q4
FISV,2021-12-31,2099-12-31,.543282125662,SEC-NPORT-2022q1
FISV,2022-03-31,2099-12-31,.590539987732,SEC-NPORT-2022q2
FISV,2022-06-30,2099-12-31,.60721903726,SEC-NPORT-2022q3
FISV,2022-09-30,2099-12-31,.781299994991,SEC-NPORT-2022q4
FISV,2022-12-31,2099-12-31,.789253357693,SEC-NPORT-2023q1
FSLR,2022-12-31,2099-12-31,.182639460396,SEC-NPORT-2023q1
FSLR,2023-03-31,2099-12-31,.283928096211,SEC-NPORT-2023q2
FSLR,2023-06-30,2099-12-31,.227802849503,SEC-NPORT-2023q3
FSLR,2023-09-30,2099-12-31,.216431380285,SEC-NPORT-2023q4
FTNT,2019-09-30,2099-12-31,.200617822552,SEC-NPORT-2019q4
FTNT,2019-12-31,2099-12-31,.243608475527,SEC-NPORT-2020q1
FTNT,2020-03-31,2099-12-31,.262709642381,SEC-NPORT-2020q2
FTNT,2020-06-30,2099-12-31,.261188291573,SEC-NPORT-2020q3
FTNT,2020-09-30,2099-12-31,.201413837139,SEC-NPORT-2020q4
FTNT,2020-12-31,2099-12-31,.228700190268,SEC-NPORT-2021q1
FTNT,2021-03-31,2099-12-31,.278395252757,SEC-NPORT-2021q2
FTNT,2021-06-30,2099-12-31,.323198886568,SEC-NPORT-2021q3
FTNT,2021-09-30,2099-12-31,.391361238265,SEC-NPORT-2021q4
FTNT,2021-12-31,2099-12-31,.429614939109,SEC-NPORT-2022q1
FTNT,2022-03-31,2099-12-31,.454584989558,SEC-NPORT-2022q2
FTNT,2022-06-30,2099-12-31,.442202717209,SEC-NPORT-2022q3
FTNT,2022-09-30,2099-12-31,.419789223015,SEC-NPORT-2022q4
FTNT,2022-12-31,2099-12-31,.389841989034,SEC-NPORT-2023q1
FTNT,2023-03-31,2099-12-31,.567383928064,SEC-NPORT-2023q2
FTNT,2023-06-30,2099-12-31,.594220548346,SEC-NPORT-2023q3
FTNT,2023-09-30,2099-12-31,.479563660956,SEC-NPORT-2023q4
GENVR,2022-12-31,2099-12-31,.152772486578,SEC-NPORT-2023q1
GENVR,2023-03-31,2099-12-31,.128517533874,SEC-NPORT-2023q2
GENVR,2023-06-30,2099-12-31,.127277366574,SEC-NPORT-2023q3
GENVR,2023-09-30,2099-12-31,.124732348259,SEC-NPORT-2023q4
GPN,2019-09-30,2099-12-31,.878446850841,SEC-NPORT-2019q4
GPN,2019-12-31,2099-12-31,.881928226939,SEC-NPORT-2020q1
GPN,2020-03-31,2099-12-31,.792940502918,SEC-NPORT-2020q2
GPN,2020-06-30,2099-12-31,.719457205592,SEC-NPORT-2020q3
GPN,2020-09-30,2099-12-31,.676378558657,SEC-NPORT-2020q4
GPN,2020-12-31,2099-12-31,.736642795021,SEC-NPORT-2021q1
GPN,2021-03-31,2099-12-31,.663376817921,SEC-NPORT-2021q2
GPN,2021-06-30,2099-12-31,.554004261865,SEC-NPORT-2021q3
GPN,2021-09-30,2099-12-31,.457559238966,SEC-NPORT-2021q4
GPN,2021-12-31,2099-12-31,.34550240226,SEC-NPORT-2022q1
GPN,2022-03-31,2099-12-31,.381901565007,SEC-NPORT-2022q2
GPN,2022-06-30,2099-12-31,.365438480277,SEC-NPORT-2022q3
GPN,2022-09-30,2099-12-31,.390974324035,SEC-NPORT-2022q4
GPN,2022-12-31,2099-12-31,.330270876124,SEC-NPORT-2023q1
HPE-PC,2019-09-30,2099-12-31,.364694233432,SEC-NPORT-2019q4
HPE-PC,2019-12-31,2099-12-31,.329869905554,SEC-NPORT-2020q1
HPE-PC,2020-03-31,2099-12-31,.229835895357,SEC-NPORT-2020q2
HPE-PC,2020-06-30,2099-12-31,.177268247028,SEC-NPORT-2020q3
HPE-PC,2020-09-30,2099-12-31,.15329717916,SEC-NPORT-2020q4
HPE-PC,2020-12-31,2099-12-31,.174229659943,SEC-NPORT-2021q1
HPE-PC,2021-03-31,2099-12-31,.228262778032,SEC-NPORT-2021q2
HPE-PC,2021-06-30,2099-12-31,.190034069754,SEC-NPORT-2021q3
HPE-PC,2021-09-30,2099-12-31,.183959454409,SEC-NPORT-2021q4
HPE-PC,2021-12-31,2099-12-31,.181710330573,SEC-NPORT-2022q1
HPE-PC,2022-03-31,2099-12-31,.211834499183,SEC-NPORT-2022q2
HPE-PC,2022-06-30,2099-12-31,.20225295339,SEC-NPORT-2022q3
HPE-PC,2022-09-30,2099-12-31,.203219913583,SEC-NPORT-2022q4
HPE-PC,2022-12-31,2099-12-31,.252533359951,SEC-NPORT-2023q1
HPE-PC,2023-03-31,2099-12-31,.268845025419,SEC-NPORT-2023q2
HPE-PC,2023-06-30,2099-12-31,.262599411735,SEC-NPORT-2023q3
HPE-PC,2023-09-30,2099-12-31,.281268112548,SEC-NPORT-2023q4
HPQ,2019-09-30,2099-12-31,.516272475548,SEC-NPORT-2019q4
HPQ,2019-12-31,2099-12-31,.489486427651,SEC-NPORT-2020q1
HPQ,2020-03-31,2099-12-31,.470587371846,SEC-NPORT-2020q2
HPQ,2020-06-30,2099-12-31,.353446397672,SEC-NPORT-2020q3
HPQ,2020-09-30,2099-12-31,.331980442352,SEC-NPORT-2020q4
HPQ,2020-12-31,2099-12-31,.385846154063,SEC-NPORT-2021q1
HPQ,2021-03-31,2099-12-31,.443237304705,SEC-NPORT-2021q2
HPQ,2021-06-30,2099-12-31,.363047688968,SEC-NPORT-2021q3
HPQ,2021-09-30,2099-12-31,.32489102882,SEC-NPORT-2021q4
HPQ,2021-12-31,2099-12-31,.382446817428,SEC-NPORT-2022q1
HPQ,2022-03-31,2099-12-31,.385210958292,SEC-NPORT-2022q2
HPQ,2022-06-30,2099-12-31,.405084502796,SEC-NPORT-2022q3
HPQ,2022-09-30,2099-12-31,.296071954321,SEC-NPORT-2022q4
HPQ,2022-12-31,2099-12-31,.292502728471,SEC-NPORT-2023q1
HPQ,2023-03-31,2099-12-31,.3339858441,SEC-NPORT-2023q2
HPQ,2023-06-30,2099-12-31,.321125689893,SEC-NPORT-2023q3
HPQ,2023-09-30,2099-12-31,.279569461454,SEC-NPORT-2023q4
IBM,2019-09-30,2099-12-31,2.372081539986,SEC-NPORT-2019q4
IBM,2019-12-31,2099-12-31,1.908081020197,SEC-NPORT-2020q1
IBM,2020-03-31,2099-12-31,1.79709798427,SEC-NPORT-2020q2
IBM,2020-06-30,2099-12-31,1.520588555178,SEC-NPORT-2020q3
IBM,2020-09-30,2099-12-31,1.379168620771,SEC-NPORT-2020q4
IBM,2020-12-31,2099-12-31,1.281416541961,SEC-NPORT-2021q1
IBM,2021-03-31,2099-12-31,1.327224512556,SEC-NPORT-2021q2
IBM,2021-06-30,2099-12-31,1.310819559329,SEC-NPORT-2021q3
IBM,2021-09-30,2099-12-31,1.230959112694,SEC-NPORT-2021q4
IBM,2021-12-31,2099-12-31,1.055910775587,SEC-NPORT-2022q1
IBM,2022-03-31,2099-12-31,1.14283062751,SEC-NPORT-2022q2
IBM,2022-06-30,2099-12-31,1.489798402171,SEC-NPORT-2022q3
IBM,2022-09-30,2099-12-31,1.400945998561,SEC-NPORT-2022q4
IBM,2022-12-31,2099-12-31,1.56645195877,SEC-NPORT-2023q1
IBM,2023-03-31,2099-12-31,1.560487498501,SEC-NPORT-2023q2
IBM,2023-06-30,2099-12-31,1.465612662113,SEC-NPORT-2023q3
IBM,2023-09-30,2099-12-31,1.602482580415,SEC-NPORT-2023q4
INTC,2019-09-30,2099-12-31,4.203419926974,SEC-NPORT-2019q4
INTC,2019-12-31,2099-12-31,4.18462273248,SEC-NPORT-2020q1
INTC,2020-03-31,2099-12-31,4.306408175433,SEC-NPORT-2020q2
INTC,2020-06-30,2099-12-31,3.592270018798,SEC-NPORT-2020q3
INTC,2020-09-30,2099-12-31,2.80295826247,SEC-NPORT-2020q4
INTC,2020-12-31,2099-12-31,2.332400596552,SEC-NPORT-2021q1
INTC,2021-03-31,2099-12-31,2.898214006435,SEC-NPORT-2021q2
INTC,2021-06-30,2099-12-31,2.269378989717,SEC-NPORT-2021q3
INTC,2021-09-30,2099-12-31,2.136767940059,SEC-NPORT-2021q4
INTC,2021-12-31,2099-12-31,1.845049983836,SEC-NPORT-2022q1
INTC,2022-03-31,2099-12-31,1.977926717593,SEC-NPORT-2022q2
INTC,2022-06-30,2099-12-31,1.79457976887,SEC-NPORT-2022q3
INTC,2022-09-30,2099-12-31,1.381411253715,SEC-NPORT-2022q4
INTC,2022-12-31,2099-12-31,1.341346953964,SEC-NPORT-2023q1
INTC,2023-03-31,2099-12-31,1.779490920979,SEC-NPORT-2023q2
INTC,2023-06-30,2099-12-31,1.682396217036,SEC-NPORT-2023q3
INTC,2023-09-30,2099-12-31,1.866656786624,SEC-NPORT-2023q4
INTU,2019-09-30,2099-12-31,1.273037953793,SEC-NPORT-2019q4
INTU,2019-12-31,2099-12-31,1.095890283936,SEC-NPORT-2020q1
INTU,2020-03-31,2099-12-31,1.095177284013,SEC-NPORT-2020q2
INTU,2020-06-30,2099-12-31,1.095285523174,SEC-NPORT-2020q3
INTU,2020-09-30,2099-12-31,1.086991493492,SEC-NPORT-2020q4
INTU,2020-12-31,2099-12-31,1.140218240814,SEC-NPORT-2021q1
INTU,2021-03-31,2099-12-31,1.169215225352,SEC-NPORT-2021q2
INTU,2021-06-30,2099-12-31,1.340849555363,SEC-NPORT-2021q3
INTU,2021-09-30,2099-12-31,1.457336326959,SEC-NPORT-2021q4
INTU,2021-12-31,2099-12-31,1.604505603498,SEC-NPORT-2022q1
INTU,2022-03-31,2099-12-31,1.334586046724,SEC-NPORT-2022q2
INTU,2022-06-30,2099-12-31,1.278835877936,SEC-NPORT-2022q3
INTU,2022-09-30,2099-12-31,1.426308994848,SEC-NPORT-2022q4
INTU,2022-12-31,2099-12-31,1.349148986069,SEC-NPORT-2023q1
INTU,2023-03-31,2099-12-31,1.648969984964,SEC-NPORT-2023q2
INTU,2023-06-30,2099-12-31,1.550444035831,SEC-NPORT-2023q3
INTU,2023-09-30,2099-12-31,1.794073711682,SEC-NPORT-2023q4
IPGP,2019-09-30,2099-12-31,.089160388938,SEC-NPORT-2019q4
IPGP,2019-12-31,2099-12-31,.08329321083,SEC-NPORT-2020q1
IPGP,2020-03-31,2099-12-31,.071735323692,SEC-NPORT-2020q2
IPGP,2020-06-30,2099-12-31,.08091555575,SEC-NPORT-2020q3
IPGP,2020-09-30,2099-12-31,.077209963741,SEC-NPORT-2020q4
IPGP,2020-12-31,2099-12-31,.091566248021,SEC-NPORT-2021q1
IPGP,2021-03-31,2099-12-31,.084342768884,SEC-NPORT-2021q2
IPGP,2021-06-30,2099-12-31,.075706985882,SEC-NPORT-2021q3
IPGP,2021-09-30,2099-12-31,.056112968932,SEC-NPORT-2021q4
IPGP,2021-12-31,2099-12-31,.053446541768,SEC-NPORT-2022q1
IPGP,2022-03-31,2099-12-31,.038554738384,SEC-NPORT-2022q2
IT,2019-09-30,2099-12-31,.237894176795,SEC-NPORT-2019q4
IT,2019-12-31,2099-12-31,.221585733288,SEC-NPORT-2020q1
IT,2020-03-31,2099-12-31,.162930937999,SEC-NPORT-2020q2
IT,2020-06-30,2099-12-31,.153337023989,SEC-NPORT-2020q3
IT,2020-09-30,2099-12-31,.141822043593,SEC-NPORT-2020q4
IT,2020-12-31,2099-12-31,.163423444505,SEC-NPORT-2021q1
IT,2021-03-31,2099-12-31,.180523750784,SEC-NPORT-2021q2
IT,2021-06-30,2099-12-31,.208694935594,SEC-NPORT-2021q3
IT,2021-09-30,2099-12-31,.251291188289,SEC-NPORT-2021q4
IT,2021-12-31,2099-12-31,.242248961062,SEC-NPORT-2022q1
IT,2022-03-31,2099-12-31,.239720344551,SEC-NPORT-2022q2
IT,2022-06-30,2099-12-31,.228485399685,SEC-NPORT-2022q3
IT,2022-09-30,2099-12-31,.285737198268,SEC-NPORT-2022q4
IT,2022-12-31,2099-12-31,.326608989726,SEC-NPORT-2023q1
IT,2023-03-31,2099-12-31,.338926217745,SEC-NPORT-2023q2
IT,2023-06-30,2099-12-31,.334020891218,SEC-NPORT-2023q3
IT,2023-09-30,2099-12-31,.339611879895,SEC-NPORT-2023q4
JKHY,2019-09-30,2099-12-31,.20695937815,SEC-NPORT-2019q4
JKHY,2019-12-31,2099-12-31,.1801521824,SEC-NPORT-2020q1
JKHY,2020-03-31,2099-12-31,.21847866663,SEC-NPORT-2020q2
JKHY,2020-06-30,2099-12-31,.199954626302,SEC-NPORT-2020q3
JKHY,2020-09-30,2099-12-31,.158489120827,SEC-NPORT-2020q4
JKHY,2020-12-31,2099-12-31,.141233771532,SEC-NPORT-2021q1
JKHY,2021-03-31,2099-12-31,.128633924828,SEC-NPORT-2021q2
JKHY,2021-06-30,2099-12-31,.12158572918,SEC-NPORT-2021q3
JKHY,2021-09-30,2099-12-31,.120480179944,SEC-NPORT-2021q4
JKHY,2021-12-31,2099-12-31,.108900975564,SEC-NPORT-2022q1
JKHY,2022-03-31,2099-12-31,.140651756613,SEC-NPORT-2022q2
JKHY,2022-06-30,2099-12-31,.153808569727,SEC-NPORT-2022q3
JKHY,2022-09-30,2099-12-31,.173376752981,SEC-NPORT-2022q4
JKHY,2022-12-31,2099-12-31,.157479107859,SEC-NPORT-2023q1
KEYS,2019-09-30,2099-12-31,.335890448787,SEC-NPORT-2019q4
KEYS,2019-12-31,2099-12-31,.309423158467,SEC-NPORT-2020q1
KEYS,2020-03-31,2099-12-31,.287102822646,SEC-NPORT-2020q2
KEYS,2020-06-30,2099-12-31,.267299954332,SEC-NPORT-2020q3
KEYS,2020-09-30,2099-12-31,.235280649386,SEC-NPORT-2020q4
KEYS,2020-12-31,2099-12-31,.279610272569,SEC-NPORT-2021q1
KEYS,2021-03-31,2099-12-31,.297408365435,SEC-NPORT-2021q2
KEYS,2021-06-30,2099-12-31,.284794573918,SEC-NPORT-2021q3
KEYS,2021-09-30,2099-12-31,.299191154649,SEC-NPORT-2021q4
KEYS,2021-12-31,2099-12-31,.335092647119,SEC-NPORT-2022q1
KEYS,2022-03-31,2099-12-31,.283430029456,SEC-NPORT-2022q2
KEYS,2022-06-30,2099-12-31,.294287090031,SEC-NPORT-2022q3
KEYS,2022-09-30,2099-12-31,.369673518427,SEC-NPORT-2022q4
KEYS,2022-12-31,2099-12-31,.376131737671,SEC-NPORT-2023q1
KEYS,2023-03-31,2099-12-31,.379152298436,SEC-NPORT-2023q2
KEYS,2023-06-30,2099-12-31,.35981414234,SEC-NPORT-2023q3
KEYS,2023-09-30,2099-12-31,.295880495266,SEC-NPORT-2023q4
KLAC,2019-09-30,2099-12-31,.46762415406,SEC-NPORT-2019q4
KLAC,2019-12-31,2099-12-31,.451891712318,SEC-NPORT-2020q1
KLAC,2020-03-31,2099-12-31,.414876374757,SEC-NPORT-2020q2
KLAC,2020-06-30,2099-12-31,.427618560577,SEC-NPORT-2020q3
KLAC,2020-09-30,2099-12-31,.383358212827,SEC-NPORT-2020q4
KLAC,2020-12-31,2099-12-31,.456859064407,SEC-NPORT-2021q1
KLAC,2021-03-31,2099-12-31,.56735760675,SEC-NPORT-2021q2
KLAC,2021-06-30,2099-12-31,.497470965443,SEC-NPORT-2021q3
KLAC,2021-09-30,2099-12-31,.505083977428,SEC-NPORT-2021q4
KLAC,2021-12-31,2099-12-31,.574479934943,SEC-NPORT-2022q1
KLAC,2022-03-31,2099-12-31,.540672147457,SEC-NPORT-2022q2
KLAC,2022-06-30,2099-12-31,.558622812932,SEC-NPORT-2022q3
KLAC,2022-09-30,2099-12-31,.560225226445,SEC-NPORT-2022q4
KLAC,2022-12-31,2099-12-31,.657077929054,SEC-NPORT-2023q1
KLAC,2023-03-31,2099-12-31,.727830583379,SEC-NPORT-2023q2
KLAC,2023-06-30,2099-12-31,.80262653864,SEC-NPORT-2023q3
KLAC,2023-09-30,2099-12-31,.786220787172,SEC-NPORT-2023q4
LDOS,2019-09-30,2099-12-31,.213772783705,SEC-NPORT-2019q4
LDOS,2019-12-31,2099-12-31,.209383462365,SEC-NPORT-2020q1
LDOS,2020-03-31,2099-12-31,.223092930361,SEC-NPORT-2020q2
LDOS,2020-06-30,2099-12-31,.177350956116,SEC-NPORT-2020q3
LDOS,2020-09-30,2099-12-31,.151559593537,SEC-NPORT-2020q4
LDOS,2020-12-31,2099-12-31,.160667265221,SEC-NPORT-2021q1
LRCX,2019-09-30,2099-12-31,.61506914281,SEC-NPORT-2019q4
LRCX,2019-12-31,2099-12-31,.681835584815,SEC-NPORT-2020q1
LRCX,2020-03-31,2099-12-31,.636945857642,SEC-NPORT-2020q2
LRCX,2020-06-30,2099-12-31,.665900060626,SEC-NPORT-2020q3
LRCX,2020-09-30,2099-12-31,.614916150757,SEC-NPORT-2020q4
LRCX,2020-12-31,2099-12-31,.776907859776,SEC-NPORT-2021q1
LRCX,2021-03-31,2099-12-31,.948188501886,SEC-NPORT-2021q2
LRCX,2021-06-30,2099-12-31,.929041362009,SEC-NPORT-2021q3
LRCX,2021-09-30,2099-12-31,.801787606652,SEC-NPORT-2021q4
LRCX,2021-12-31,2099-12-31,.891925906381,SEC-NPORT-2022q1
LRCX,2022-03-31,2099-12-31,.73514970819,SEC-NPORT-2022q2
LRCX,2022-06-30,2099-12-31,.693467615646,SEC-NPORT-2022q3
LRCX,2022-09-30,2099-12-31,.654480803333,SEC-NPORT-2022q4
LRCX,2022-12-31,2099-12-31,.704881908665,SEC-NPORT-2023q1
LRCX,2023-03-31,2099-12-31,.941907034959,SEC-NPORT-2023q2
LRCX,2023-06-30,2099-12-31,1.04170143486,SEC-NPORT-2023q3
LRCX,2023-09-30,2099-12-31,1.047528461149,SEC-NPORT-2023q4
MA,2019-09-30,2099-12-31,4.464367001051,SEC-NPORT-2019q4
MA,2019-12-31,2099-12-31,4.261263153366,SEC-NPORT-2020q1
MA,2020-03-31,2099-12-31,3.922642971798,SEC-NPORT-2020q2
MA,2020-06-30,2099-12-31,3.705958147302,SEC-NPORT-2020q3
MA,2020-09-30,2099-12-31,3.802112968619,SEC-NPORT-2020q4
MA,2020-12-31,2099-12-31,3.587372432376,SEC-NPORT-2021q1
MA,2021-03-31,2099-12-31,3.479430727562,SEC-NPORT-2021q2
MA,2021-06-30,2099-12-31,3.197136314409,SEC-NPORT-2021q3
MA,2021-09-30,2099-12-31,2.994105265384,SEC-NPORT-2021q4
MA,2021-12-31,2099-12-31,2.745813435321,SEC-NPORT-2022q1
MA,2022-03-31,2099-12-31,3.023036048201,SEC-NPORT-2022q2
MA,2022-06-30,2099-12-31,3.178382620373,SEC-NPORT-2022q3
MA,2022-09-30,2099-12-31,3.167301201382,SEC-NPORT-2022q4
MA,2022-12-31,2099-12-31,3.629952864023,SEC-NPORT-2023q1
MCHPP,2019-09-30,2099-12-31,.408179273584,SEC-NPORT-2019q4
MCHPP,2019-12-31,2099-12-31,.402254874959,SEC-NPORT-2020q1
MCHPP,2020-03-31,2099-12-31,.296385957156,SEC-NPORT-2020q2
MCHPP,2020-06-30,2099-12-31,.366368646602,SEC-NPORT-2020q3
MCHPP,2020-09-30,2099-12-31,.330174266385,SEC-NPORT-2020q4
MCHPP,2020-12-31,2099-12-31,.410808857195,SEC-NPORT-2021q1
MCHPP,2021-03-31,2099-12-31,.465828504372,SEC-NPORT-2021q2
MCHPP,2021-06-30,2099-12-31,.410019479967,SEC-NPORT-2021q3
MCHPP,2021-09-30,2099-12-31,.415807195219,SEC-NPORT-2021q4
MCHPP,2021-12-31,2099-12-31,.425540278183,SEC-NPORT-2022q1
MCHPP,2022-03-31,2099-12-31,.409458993552,SEC-NPORT-2022q2
MCHPP,2022-06-30,2099-12-31,.378837214945,SEC-NPORT-2022q3
MCHPP,2022-09-30,2099-12-31,.440196462382,SEC-NPORT-2022q4
MCHPP,2022-12-31,2099-12-31,.475150802715,SEC-NPORT-2023q1
MCHPP,2023-03-31,2099-12-31,.60426341515,SEC-NPORT-2023q2
MCHPP,2023-06-30,2099-12-31,.591962915462,SEC-NPORT-2023q3
MCHPP,2023-09-30,2099-12-31,.53266018328,SEC-NPORT-2023q4
MPWR,2021-03-31,2099-12-31,.168830816189,SEC-NPORT-2021q2
MPWR,2021-06-30,2099-12-31,.160450015028,SEC-NPORT-2021q3
MPWR,2021-09-30,2099-12-31,.207010034441,SEC-NPORT-2021q4
MPWR,2021-12-31,2099-12-31,.188331275746,SEC-NPORT-2022q1
MPWR,2022-03-31,2099-12-31,.206312645447,SEC-NPORT-2022q2
MPWR,2022-06-30,2099-12-31,.197525328596,SEC-NPORT-2022q3
MPWR,2022-09-30,2099-12-31,.210874873424,SEC-NPORT-2022q4
MPWR,2022-12-31,2099-12-31,.193912409154,SEC-NPORT-2023q1
MPWR,2023-03-31,2099-12-31,.294928289096,SEC-NPORT-2023q2
MPWR,2023-06-30,2099-12-31,.29362560698,SEC-NPORT-2023q3
MPWR,2023-09-30,2099-12-31,.276782206213,SEC-NPORT-2023q4
MSFT,2019-09-30,2099-12-31,19.54691905496,SEC-NPORT-2019q4
MSFT,2019-12-31,2099-12-31,19.33714949704,SEC-NPORT-2020q1
MSFT,2020-03-31,2099-12-31,22.00814658405,SEC-NPORT-2020q2
MSFT,2020-06-30,2099-12-31,21.88529698924,SEC-NPORT-2020q3
MSFT,2020-09-30,2099-12-31,20.25912222049,SEC-NPORT-2020q4
MSFT,2020-12-31,2099-12-31,19.21109723363,SEC-NPORT-2021q1
MSFT,2021-03-31,2099-12-31,19.81949252297,SEC-NPORT-2021q2
MSFT,2021-06-30,2099-12-31,20.42496137599,SEC-NPORT-2021q3
MSFT,2021-09-30,2099-12-31,20.94288499441,SEC-NPORT-2021q4
MSFT,2021-12-31,2099-12-31,21.40642433447,SEC-NPORT-2022q1
MSFT,2022-03-31,2099-12-31,22.05329903228,SEC-NPORT-2022q2
MSFT,2022-06-30,2099-12-31,22.38823191516,SEC-NPORT-2022q3
MSFT,2022-09-30,2099-12-31,22.67643267217,SEC-NPORT-2022q4
MSFT,2022-12-31,2099-12-31,21.98426637352,SEC-NPORT-2023q1
MSFT,2023-03-31,2099-12-31,23.78694107428,SEC-NPORT-2023q2
MSFT,2023-06-30,2099-12-31,22.80387579511,SEC-NPORT-2023q3
MSFT,2023-09-30,2099-12-31,22.83660438839,SEC-NPORT-2023q4
MSI,2019-09-30,2099-12-31,.51852448211,SEC-NPORT-2019q4
MSI,2019-12-31,2099-12-31,.443794202295,SEC-NPORT-2020q1
MSI,2020-03-31,2099-12-31,.416572280916,SEC-NPORT-2020q2
MSI,2020-06-30,2099-12-31,.337954297637,SEC-NPORT-2020q3
MSI,2020-09-30,2099-12-31,.338875695514,SEC-NPORT-2020q4
MSI,2020-12-31,2099-12-31,.329344671822,SEC-NPORT-2021q1
MSI,2021-03-31,2099-12-31,.354259268931,SEC-NPORT-2021q2
MSI,2021-06-30,2099-12-31,.368310877839,SEC-NPORT-2021q3
MSI,2021-09-30,2099-12-31,.388875660782,SEC-NPORT-2021q4
MSI,2021-12-31,2099-12-31,.404223415573,SEC-NPORT-2022q1
MSI,2022-03-31,2099-12-31,.400972081791,SEC-NPORT-2022q2
MSI,2022-06-30,2099-12-31,.41136919135,SEC-NPORT-2022q3
MSI,2022-09-30,2099-12-31,.487953762346,SEC-NPORT-2022q4
MSI,2022-12-31,2099-12-31,.529890921771,SEC-NPORT-2023q1
MSI,2023-03-31,2099-12-31,.62990324044,SEC-NPORT-2023q2
MSI,2023-06-30,2099-12-31,.593303731751,SEC-NPORT-2023q3
MSI,2023-09-30,2099-12-31,.570054077677,SEC-NPORT-2023q4
MU,2019-09-30,2099-12-31,.87092940678,SEC-NPORT-2019q4
MU,2019-12-31,2099-12-31,.956964148631,SEC-NPORT-2020q1
MU,2020-03-31,2099-12-31,.851733264473,SEC-NPORT-2020q2
MU,2020-06-30,2099-12-31,.812563420985,SEC-NPORT-2020q3
MU,2020-09-30,2099-12-31,.664053791771,SEC-NPORT-2020q4
MU,2020-12-31,2099-12-31,.956108738585,SEC-NPORT-2021q1
MU,2021-03-31,2099-12-31,1.099818487079,SEC-NPORT-2021q2
MU,2021-06-30,2099-12-31,.953995442005,SEC-NPORT-2021q3
MU,2021-09-30,2099-12-31,.789587961579,SEC-NPORT-2021q4
MU,2021-12-31,2099-12-31,.917892247359,SEC-NPORT-2022q1
MU,2022-03-31,2099-12-31,.854838566062,SEC-NPORT-2022q2
MU,2022-06-30,2099-12-31,.724193172133,SEC-NPORT-2022q3
MU,2022-09-30,2099-12-31,.721531751271,SEC-NPORT-2022q4
MU,2022-12-31,2099-12-31,.668198242577,SEC-NPORT-2023q1
MU,2023-03-31,2099-12-31,.866889121463,SEC-NPORT-2023q2
MU,2023-06-30,2099-12-31,.833093349064,SEC-NPORT-2023q3
MU,2023-09-30,2099-12-31,.934226702321,SEC-NPORT-2023q4
NOW,2019-12-31,2099-12-31,.855451978088,SEC-NPORT-2020q1
NOW,2020-03-31,2099-12-31,.988696943961,SEC-NPORT-2020q2
NOW,2020-06-30,2099-12-31,1.095433275734,SEC-NPORT-2020q3
NOW,2020-09-30,2099-12-31,1.183955137265,SEC-NPORT-2020q4
NOW,2020-12-31,2099-12-31,1.226857957614,SEC-NPORT-2021q1
NOW,2021-03-31,2099-12-31,1.093022875095,SEC-NPORT-2021q2
NOW,2021-06-30,2099-12-31,1.086245610689,SEC-NPORT-2021q3
NOW,2021-09-30,2099-12-31,1.218895588924,SEC-NPORT-2021q4
NOW,2021-12-31,2099-12-31,1.137855086376,SEC-NPORT-2022q1
NOW,2022-03-31,2099-12-31,1.091668768286,SEC-NPORT-2022q2
NOW,2022-06-30,2099-12-31,1.118279532946,SEC-NPORT-2022q3
NOW,2022-09-30,2099-12-31,.995847191514,SEC-NPORT-2022q4
NOW,2022-12-31,2099-12-31,.964513862768,SEC-NPORT-2023q1
NOW,2023-03-31,2099-12-31,1.242067207401,SEC-NPORT-2023q2
NOW,2023-06-30,2099-12-31,1.381104830759,SEC-NPORT-2023q3
NOW,2023-09-30,2099-12-31,1.429674636964,SEC-NPORT-2023q4
NTAP,2019-09-30,2099-12-31,.230024853427,SEC-NPORT-2019q4
NTAP,2019-12-31,2099-12-31,.228347052447,SEC-NPORT-2020q1
NTAP,2020-03-31,2099-12-31,.17404479794,SEC-NPORT-2020q2
NTAP,2020-06-30,2099-12-31,.139154554591,SEC-NPORT-2020q3
NTAP,2020-09-30,2099-12-31,.124025345331,SEC-NPORT-2020q4
NTAP,2020-12-31,2099-12-31,.168785159516,SEC-NPORT-2021q1
NTAP,2021-03-31,2099-12-31,.180290583169,SEC-NPORT-2021q2
NTAP,2021-06-30,2099-12-31,.182439831537,SEC-NPORT-2021q3
NTAP,2021-09-30,2099-12-31,.198402697675,SEC-NPORT-2021q4
NTAP,2021-12-31,2099-12-31,.181216721733,SEC-NPORT-2022q1
NTAP,2022-03-31,2099-12-31,.180808475837,SEC-NPORT-2022q2
NTAP,2022-06-30,2099-12-31,.170316682558,SEC-NPORT-2022q3
NTAP,2022-09-30,2099-12-31,.177433333263,SEC-NPORT-2022q4
NTAP,2022-12-31,2099-12-31,.160539980444,SEC-NPORT-2023q1
NTAP,2023-03-31,2099-12-31,.181228833195,SEC-NPORT-2023q2
NTAP,2023-06-30,2099-12-31,.197119493598,SEC-NPORT-2023q3
NTAP,2023-09-30,2099-12-31,.200562674283,SEC-NPORT-2023q4
NVDA,2019-09-30,2099-12-31,1.952012696138,SEC-NPORT-2019q4
NVDA,2019-12-31,2099-12-31,2.314582596151,SEC-NPORT-2020q1
NVDA,2020-03-31,2099-12-31,2.951016699575,SEC-NPORT-2020q2
NVDA,2020-06-30,2099-12-31,3.314024149036,SEC-NPORT-2020q3
NVDA,2020-09-30,2099-12-31,4.250262406731,SEC-NPORT-2020q4
NVDA,2020-12-31,2099-12-31,3.692756095479,SEC-NPORT-2021q1
NVDA,2021-03-31,2099-12-31,3.689557658928,SEC-NPORT-2021q2
NVDA,2021-06-30,2099-12-31,4.989991031386,SEC-NPORT-2021q3
NVDA,2021-09-30,2099-12-31,5.103206996695,SEC-NPORT-2021q4
NVDA,2021-12-31,2099-12-31,4.393092830809,SEC-NPORT-2022q1
NVDA,2022-03-31,2099-12-31,5.020619395196,SEC-NPORT-2022q2
NVDA,2022-06-30,2099-12-31,4.125928907406,SEC-NPORT-2022q3
NVDA,2022-09-30,2099-12-31,3.968334132459,SEC-NPORT-2022q4
NVDA,2022-12-31,2099-12-31,4.474826882325,SEC-NPORT-2023q1
NVDA,2023-03-31,2099-12-31,4.853791768069,SEC-NPORT-2023q2
NVDA,2023-06-30,2099-12-31,4.671501607443,SEC-NPORT-2023q3
NVDA,2023-09-30,2099-12-31,4.514957785284,SEC-NPORT-2023q4
NXPI,2021-03-31,2099-12-31,.621616359433,SEC-NPORT-2021q2
NXPI,2021-06-30,2099-12-31,.567896951196,SEC-NPORT-2021q3
NXPI,2021-09-30,2099-12-31,.513369210332,SEC-NPORT-2021q4
NXPI,2021-12-31,2099-12-31,.533599434059,SEC-NPORT-2022q1
NXPI,2022-03-31,2099-12-31,.482404801724,SEC-NPORT-2022q2
NXPI,2022-06-30,2099-12-31,.455984176458,SEC-NPORT-2022q3
NXPI,2022-09-30,2099-12-31,.505723591668,SEC-NPORT-2022q4
NXPI,2022-12-31,2099-12-31,.503566473331,SEC-NPORT-2023q1
NXPI,2023-03-31,2099-12-31,.636222390477,SEC-NPORT-2023q2
NXPI,2023-06-30,2099-12-31,.641262411689,SEC-NPORT-2023q3
NXPI,2023-09-30,2099-12-31,.646188861621,SEC-NPORT-2023q4
ON,2022-06-30,2099-12-31,.256450612434,SEC-NPORT-2022q3
ON,2022-09-30,2099-12-31,.352539515232,SEC-NPORT-2022q4
ON,2022-12-31,2099-12-31,.331660076987,SEC-NPORT-2023q1
ON,2023-03-31,2099-12-31,.468182823498,SEC-NPORT-2023q2
ON,2023-06-30,2099-12-31,.492693052039,SEC-NPORT-2023q3
ON,2023-09-30,2099-12-31,.502891252981,SEC-NPORT-2023q4
ORCL-PD,2019-09-30,2099-12-31,2.230915364857,SEC-NPORT-2019q4
ORCL-PD,2019-12-31,2099-12-31,1.844871931656,SEC-NPORT-2020q1
ORCL-PD,2020-03-31,2099-12-31,1.915312338912,SEC-NPORT-2020q2
ORCL-PD,2020-06-30,2099-12-31,1.631326188186,SEC-NPORT-2020q3
ORCL-PD,2020-09-30,2099-12-31,1.469019456823,SEC-NPORT-2020q4
ORCL-PD,2020-12-31,2099-12-31,1.401847826374,SEC-NPORT-2021q1
ORCL-PD,2021-03-31,2099-12-31,1.450575385744,SEC-NPORT-2021q2
ORCL-PD,2021-06-30,2099-12-31,1.415594300883,SEC-NPORT-2021q3
ORCL-PD,2021-09-30,2099-12-31,1.418803279661,SEC-NPORT-2021q4
ORCL-PD,2021-12-31,2099-12-31,1.239063677308,SEC-NPORT-2022q1
ORCL-PD,2022-03-31,2099-12-31,1.277536867708,SEC-NPORT-2022q2
ORCL-PD,2022-06-30,2099-12-31,1.290371975399,SEC-NPORT-2022q3
ORCL-PD,2022-09-30,2099-12-31,1.211080239533,SEC-NPORT-2022q4
ORCL-PD,2022-12-31,2099-12-31,1.544774071977,SEC-NPORT-2023q1
ORCL-PD,2023-03-31,2099-12-31,1.880206289179,SEC-NPORT-2023q2
ORCL-PD,2023-06-30,2099-12-31,2.210563679918,SEC-NPORT-2023q3
ORCL-PD,2023-09-30,2099-12-31,2.090619554114,SEC-NPORT-2023q4
PANW,2023-06-30,2099-12-31,.932605912834,SEC-NPORT-2023q3
PANW,2023-09-30,2099-12-31,.898991915276,SEC-NPORT-2023q4
PAYC,2020-03-31,2099-12-31,.181241263738,SEC-NPORT-2020q2
PAYC,2020-06-30,2099-12-31,.211955472955,SEC-NPORT-2020q3
PAYC,2020-09-30,2099-12-31,.193895243183,SEC-NPORT-2020q4
PAYC,2020-12-31,2099-12-31,.253091805011,SEC-NPORT-2021q1
PAYC,2021-03-31,2099-12-31,.202375480548,SEC-NPORT-2021q2
PAYC,2021-06-30,2099-12-31,.178662949474,SEC-NPORT-2021q3
PAYC,2021-09-30,2099-12-31,.235552947579,SEC-NPORT-2021q4
PAYC,2021-12-31,2099-12-31,.176082137061,SEC-NPORT-2022q1
PAYC,2022-03-31,2099-12-31,.163518487215,SEC-NPORT-2022q2
PAYC,2022-06-30,2099-12-31,.158233369507,SEC-NPORT-2022q3
PAYC,2022-09-30,2099-12-31,.209376808249,SEC-NPORT-2022q4
PAYC,2022-12-31,2099-12-31,.185462915823,SEC-NPORT-2023q1
PAYC,2023-03-31,2099-12-31,.193025337063,SEC-NPORT-2023q2
PAYX,2019-09-30,2099-12-31,.487420650549,SEC-NPORT-2019q4
PAYX,2019-12-31,2099-12-31,.435536716283,SEC-NPORT-2020q1
PAYX,2020-03-31,2099-12-31,.366664720765,SEC-NPORT-2020q2
PAYX,2020-06-30,2099-12-31,.342942483842,SEC-NPORT-2020q3
PAYX,2020-09-30,2099-12-31,.325287400033,SEC-NPORT-2020q4
PAYX,2020-12-31,2099-12-31,.340593382926,SEC-NPORT-2021q1
PAYX,2021-03-31,2099-12-31,.350663312228,SEC-NPORT-2021q2
PAYX,2021-06-30,2099-12-31,.345001890463,SEC-NPORT-2021q3
PAYX,2021-09-30,2099-12-31,.355989246147,SEC-NPORT-2021q4
PAYX,2021-12-31,2099-12-31,.385883585853,SEC-NPORT-2022q1
PAYX,2022-03-31,2099-12-31,.429446431636,SEC-NPORT-2022q2
PAYX,2022-06-30,2099-12-31,.42921693369,SEC-NPORT-2022q3
PAYX,2022-09-30,2099-12-31,.469243044431,SEC-NPORT-2022q4
PAYX,2022-12-31,2099-12-31,.455823009052,SEC-NPORT-2023q1
PTC,2021-06-30,2099-12-31,.148532356841,SEC-NPORT-2021q3
PTC,2021-09-30,2099-12-31,.125092674074,SEC-NPORT-2021q4
PTC,2021-12-31,2099-12-31,.11275062783,SEC-NPORT-2022q1
PTC,2022-03-31,2099-12-31,.111134072965,SEC-NPORT-2022q2
PTC,2022-06-30,2099-12-31,.131275791996,SEC-NPORT-2022q3
PTC,2022-09-30,2099-12-31,.144364328721,SEC-NPORT-2022q4
PTC,2022-12-31,2099-12-31,.156060765712,SEC-NPORT-2023q1
PTC,2023-03-31,2099-12-31,.179704781595,SEC-NPORT-2023q2
PTC,2023-06-30,2099-12-31,.182827594022,SEC-NPORT-2023q3
PTC,2023-09-30,2099-12-31,.211080488474,SEC-NPORT-2023q4
PYPL,2019-09-30,2099-12-31,2.244466190119,SEC-NPORT-2019q4
PYPL,2019-12-31,2099-12-31,2.041516004523,SEC-NPORT-2020q1
PYPL,2020-03-31,2099-12-31,2.056378292831,SEC-NPORT-2020q2
PYPL,2020-06-30,2099-12-31,2.900995159855,SEC-NPORT-2020q3
PYPL,2020-09-30,2099-12-31,2.942417198768,SEC-NPORT-2020q4
PYPL,2020-12-31,2099-12-31,3.134920905316,SEC-NPORT-2021q1
PYPL,2021-03-31,2099-12-31,3.169936737102,SEC-NPORT-2021q2
PYPL,2021-06-30,2099-12-31,3.427791319254,SEC-NPORT-2021q3
PYPL,2021-09-30,2099-12-31,3.02246417422,SEC-NPORT-2021q4
PYPL,2021-12-31,2099-12-31,1.951789208181,SEC-NPORT-2022q1
PYPL,2022-03-31,2099-12-31,1.320526570215,SEC-NPORT-2022q2
PYPL,2022-06-30,2099-12-31,.948831197611,SEC-NPORT-2022q3
PYPL,2022-09-30,2099-12-31,1.299493979738,SEC-NPORT-2022q4
PYPL,2022-12-31,2099-12-31,.998451964057,SEC-NPORT-2023q1
QRVO,2019-09-30,2099-12-31,.160795370273,SEC-NPORT-2019q4
QRVO,2019-12-31,2099-12-31,.217026687338,SEC-NPORT-2020q1
QRVO,2020-03-31,2099-12-31,.171360391914,SEC-NPORT-2020q2
QRVO,2020-06-30,2099-12-31,.179823972493,SEC-NPORT-2020q3
QRVO,2020-09-30,2099-12-31,.187435155054,SEC-NPORT-2020q4
QRVO,2020-12-31,2099-12-31,.216644171606,SEC-NPORT-2021q1
QRVO,2021-03-31,2099-12-31,.230654497984,SEC-NPORT-2021q2
QRVO,2021-06-30,2099-12-31,.220490875497,SEC-NPORT-2021q3
QRVO,2021-09-30,2099-12-31,.183683674774,SEC-NPORT-2021q4
QRVO,2021-12-31,2099-12-31,.151848059446,SEC-NPORT-2022q1
QRVO,2022-03-31,2099-12-31,.131857660671,SEC-NPORT-2022q2
QRVO,2022-06-30,2099-12-31,.119983072161,SEC-NPORT-2022q3
QRVO,2022-09-30,2099-12-31,.10699968857,SEC-NPORT-2022q4
QRVO,2022-12-31,2099-12-31,.113016293887,SEC-NPORT-2023q1
QRVO,2023-03-31,2099-12-31,.13358196022,SEC-NPORT-2023q2
QRVO,2023-06-30,2099-12-31,.122934238965,SEC-NPORT-2023q3
QRVO,2023-09-30,2099-12-31,.117200074295,SEC-NPORT-2023q4
ROP,2022-06-30,2099-12-31,.490331506926,SEC-NPORT-2022q3
ROP,2022-09-30,2099-12-31,.497790522884,SEC-NPORT-2022q4
ROP,2022-12-31,2099-12-31,.563474307568,SEC-NPORT-2023q1
ROP,2023-03-31,2099-12-31,.615310926566,SEC-NPORT-2023q2
ROP,2023-06-30,2099-12-31,.618203882424,SEC-NPORT-2023q3
ROP,2023-09-30,2099-12-31,.647906257472,SEC-NPORT-2023q4
SEDG,2021-12-31,2099-12-31,.129799372056,SEC-NPORT-2022q1
SEDG,2022-03-31,2099-12-31,.165942744899,SEC-NPORT-2022q2
SEDG,2022-06-30,2099-12-31,.178373167349,SEC-NPORT-2022q3
SEDG,2022-09-30,2099-12-31,.168107522743,SEC-NPORT-2022q4
SEDG,2022-12-31,2099-12-31,.194715027911,SEC-NPORT-2023q1
SEDG,2023-03-31,2099-12-31,.223677061587,SEC-NPORT-2023q2
SEDG,2023-06-30,2099-12-31,.182858488899,SEC-NPORT-2023q3
SEDG,2023-09-30,2099-12-31,.091831100506,SEC-NPORT-2023q4
SNPS,2019-09-30,2099-12-31,.379902724282,SEC-NPORT-2019q4
SNPS,2019-12-31,2099-12-31,.336361493108,SEC-NPORT-2020q1
SNPS,2020-03-31,2099-12-31,.354185750406,SEC-NPORT-2020q2
SNPS,2020-06-30,2099-12-31,.416972011087,SEC-NPORT-2020q3
SNPS,2020-09-30,2099-12-31,.413359081947,SEC-NPORT-2020q4
SNPS,2020-12-31,2099-12-31,.451284011504,SEC-NPORT-2021q1
SNPS,2021-03-31,2099-12-31,.420810436564,SEC-NPORT-2021q2
SNPS,2021-06-30,2099-12-31,.421172370609,SEC-NPORT-2021q3
SNPS,2021-09-30,2099-12-31,.451613009503,SEC-NPORT-2021q4
SNPS,2021-12-31,2099-12-31,.495055447392,SEC-NPORT-2022q1
SNPS,2022-03-31,2099-12-31,.501226916917,SEC-NPORT-2022q2
SNPS,2022-06-30,2099-12-31,.545505093551,SEC-NPORT-2022q3
SNPS,2022-09-30,2099-12-31,.610151798643,SEC-NPORT-2022q4
SNPS,2022-12-31,2099-12-31,.600359013221,SEC-NPORT-2023q1
SNPS,2023-03-31,2099-12-31,.775112590072,SEC-NPORT-2023q2
SNPS,2023-06-30,2099-12-31,.79989716391,SEC-NPORT-2023q3
SNPS,2023-09-30,2099-12-31,.875632825954,SEC-NPORT-2023q4
STX,2021-06-30,2099-12-31,.175280976682,SEC-NPORT-2021q3
STX,2021-09-30,2099-12-31,.170800041634,SEC-NPORT-2021q4
STX,2021-12-31,2099-12-31,.20488994961,SEC-NPORT-2022q1
STX,2022-03-31,2099-12-31,.177449228988,SEC-NPORT-2022q2
STX,2022-06-30,2099-12-31,.165651789626,SEC-NPORT-2022q3
STX,2022-09-30,2099-12-31,.135720081061,SEC-NPORT-2022q4
STX,2022-12-31,2099-12-31,.12421463482,SEC-NPORT-2023q1
STX,2023-03-31,2099-12-31,.167178194772,SEC-NPORT-2023q2
STX,2023-06-30,2099-12-31,.143722189939,SEC-NPORT-2023q3
STX,2023-09-30,2099-12-31,.159479132931,SEC-NPORT-2023q4
SWKS,2019-09-30,2099-12-31,.250551845592,SEC-NPORT-2019q4
SWKS,2019-12-31,2099-12-31,.331033628461,SEC-NPORT-2020q1
SWKS,2020-03-31,2099-12-31,.278533688924,SEC-NPORT-2020q2
SWKS,2020-06-30,2099-12-31,.302487417944,SEC-NPORT-2020q3
SWKS,2020-09-30,2099-12-31,.309327810383,SEC-NPORT-2020q4
SWKS,2020-12-31,2099-12-31,.2900646273,SEC-NPORT-2021q1
SWKS,2021-03-31,2099-12-31,.337219883342,SEC-NPORT-2021q2
SWKS,2021-06-30,2099-12-31,.316744248307,SEC-NPORT-2021q3
SWKS,2021-09-30,2099-12-31,.268991339085,SEC-NPORT-2021q4
SWKS,2021-12-31,2099-12-31,.225708691426,SEC-NPORT-2022q1
SWKS,2022-03-31,2099-12-31,.214244853733,SEC-NPORT-2022q2
SWKS,2022-06-30,2099-12-31,.174900863414,SEC-NPORT-2022q3
SWKS,2022-09-30,2099-12-31,.178599787328,SEC-NPORT-2022q4
SWKS,2022-12-31,2099-12-31,.179797159648,SEC-NPORT-2023q1
SWKS,2023-03-31,2099-12-31,.246952646986,SEC-NPORT-2023q2
SWKS,2023-06-30,2099-12-31,.212490075536,SEC-NPORT-2023q3
SWKS,2023-09-30,2099-12-31,.197021681113,SEC-NPORT-2023q4
TDY,2021-09-30,2099-12-31,.197721116009,SEC-NPORT-2021q4
TDY,2021-12-31,2099-12-31,.179525582834,SEC-NPORT-2022q1
TDY,2022-03-31,2099-12-31,.216003891474,SEC-NPORT-2022q2
TDY,2022-06-30,2099-12-31,.206134408746,SEC-NPORT-2022q3
TDY,2022-09-30,2099-12-31,.206516848102,SEC-NPORT-2022q4
TDY,2022-12-31,2099-12-31,.230530229391,SEC-NPORT-2023q1
TDY,2023-03-31,2099-12-31,.276110289678,SEC-NPORT-2023q2
TDY,2023-06-30,2099-12-31,.233322234645,SEC-NPORT-2023q3
TDY,2023-09-30,2099-12-31,.2411668795,SEC-NPORT-2023q4
TER,2020-09-30,2099-12-31,.167770800197,SEC-NPORT-2020q4
TER,2020-12-31,2099-12-31,.227447402336,SEC-NPORT-2021q1
TER,2021-03-31,2099-12-31,.226047284119,SEC-NPORT-2021q2
TER,2021-06-30,2099-12-31,.223696053748,SEC-NPORT-2021q3
TER,2021-09-30,2099-12-31,.17803309042,SEC-NPORT-2021q4
TER,2021-12-31,2099-12-31,.234819000817,SEC-NPORT-2022q1
TER,2022-03-31,2099-12-31,.188890608578,SEC-NPORT-2022q2
TER,2022-06-30,2099-12-31,.168309339163,SEC-NPORT-2022q3
TER,2022-09-30,2099-12-31,.153829092555,SEC-NPORT-2022q4
TER,2022-12-31,2099-12-31,.167302328003,SEC-NPORT-2023q1
TER,2023-03-31,2099-12-31,.220468897268,SEC-NPORT-2023q2
TER,2023-06-30,2099-12-31,.208197379584,SEC-NPORT-2023q3
TER,2023-09-30,2099-12-31,.193993919008,SEC-NPORT-2023q4
TRMB,2021-03-31,2099-12-31,.217599865669,SEC-NPORT-2021q2
TRMB,2021-06-30,2099-12-31,.205716505214,SEC-NPORT-2021q3
TRMB,2021-09-30,2099-12-31,.204581026116,SEC-NPORT-2021q4
TRMB,2021-12-31,2099-12-31,.192793191969,SEC-NPORT-2022q1
TRMB,2022-03-31,2099-12-31,.177475730652,SEC-NPORT-2022q2
TRMB,2022-06-30,2099-12-31,.170874080625,SEC-NPORT-2022q3
TRMB,2022-09-30,2099-12-31,.175472454897,SEC-NPORT-2022q4
TRMB,2022-12-31,2099-12-31,.153335180825,SEC-NPORT-2023q1
TRMB,2023-03-31,2099-12-31,.170213696878,SEC-NPORT-2023q2
TRMB,2023-06-30,2099-12-31,.158206536951,SEC-NPORT-2023q3
TRMB,2023-09-30,2099-12-31,.167691588675,SEC-NPORT-2023q4
TXN,2019-09-30,2099-12-31,2.221854082295,SEC-NPORT-2019q4
TXN,2019-12-31,2099-12-31,1.927558981382,SEC-NPORT-2020q1
TXN,2020-03-31,2099-12-31,1.708696850946,SEC-NPORT-2020q2
TXN,2020-06-30,2099-12-31,1.652515219226,SEC-NPORT-2020q3
TXN,2020-09-30,2099-12-31,1.66465214747,SEC-NPORT-2020q4
TXN,2020-12-31,2099-12-31,1.721206420811,SEC-NPORT-2021q1
TXN,2021-03-31,2099-12-31,1.938407117508,SEC-NPORT-2021q2
TXN,2021-06-30,2099-12-31,1.777834259091,SEC-NPORT-2021q3
TXN,2021-09-30,2099-12-31,1.754148742463,SEC-NPORT-2021q4
TXN,2021-12-31,2099-12-31,1.533267189718,SEC-NPORT-2022q1
TXN,2022-03-31,2099-12-31,1.66081265697,SEC-NPORT-2022q2
TXN,2022-06-30,2099-12-31,1.662214614086,SEC-NPORT-2022q3
TXN,2022-09-30,2099-12-31,1.84636392146,SEC-NPORT-2022q4
TXN,2022-12-31,2099-12-31,1.843972442126,SEC-NPORT-2023q1
TXN,2023-03-31,2099-12-31,2.219348439268,SEC-NPORT-2023q2
TXN,2023-06-30,2099-12-31,1.970898038218,SEC-NPORT-2023q3
TXN,2023-09-30,2099-12-31,1.810145033952,SEC-NPORT-2023q4
TYL,2020-06-30,2099-12-31,.195673394288,SEC-NPORT-2020q3
TYL,2020-09-30,2099-12-31,.178548827472,SEC-NPORT-2020q4
TYL,2020-12-31,2099-12-31,.201381233124,SEC-NPORT-2021q1
TYL,2021-03-31,2099-12-31,.19198420404,SEC-NPORT-2021q2
TYL,2021-06-30,2099-12-31,.183892879384,SEC-NPORT-2021q3
TYL,2021-09-30,2099-12-31,.185151554131,SEC-NPORT-2021q4
TYL,2021-12-31,2099-12-31,.194133829453,SEC-NPORT-2022q1
TYL,2022-03-31,2099-12-31,.178704282966,SEC-NPORT-2022q2
TYL,2022-06-30,2099-12-31,.161748765496,SEC-NPORT-2022q3
TYL,2022-09-30,2099-12-31,.188697376401,SEC-NPORT-2022q4
TYL,2022-12-31,2099-12-31,.165061318651,SEC-NPORT-2023q1
TYL,2023-03-31,2099-12-31,.194488497952,SEC-NPORT-2023q2
TYL,2023-06-30,2099-12-31,.210574849995,SEC-NPORT-2023q3
TYL,2023-09-30,2099-12-31,.203706138672,SEC-NPORT-2023q4
V,2019-09-30,2099-12-31,5.469864708125,SEC-NPORT-2019q4
V,2019-12-31,2099-12-31,5.170006568775,SEC-NPORT-2020q1
V,2020-03-31,2099-12-31,5.045226039438,SEC-NPORT-2020q2
V,2020-06-30,2099-12-31,4.621507757315,SEC-NPORT-2020q3
V,2020-09-30,2099-12-31,4.291258835426,SEC-NPORT-2020q4
V,2020-12-31,2099-12-31,4.237192624549,SEC-NPORT-2021q1
V,2021-03-31,2099-12-31,4.002626040682,SEC-NPORT-2021q2
V,2021-06-30,2099-12-31,3.960061246858,SEC-NPORT-2021q3
V,2021-09-30,2099-12-31,3.716115285169,SEC-NPORT-2021q4
V,2021-12-31,2099-12-31,3.201400224314,SEC-NPORT-2022q1
V,2022-03-31,2099-12-31,3.604657593395,SEC-NPORT-2022q2
V,2022-06-30,2099-12-31,3.801339025693,SEC-NPORT-2022q3
V,2022-09-30,2099-12-31,3.79205438654,SEC-NPORT-2022q4
V,2022-12-31,2099-12-31,4.177261728231,SEC-NPORT-2023q1
VNT,2020-12-31,2099-12-31,.051549787751,SEC-NPORT-2021q1
WDC,2019-09-30,2099-12-31,.325056139298,SEC-NPORT-2019q4
WDC,2019-12-31,2099-12-31,.304022342901,SEC-NPORT-2020q1
WDC,2020-03-31,2099-12-31,.226417747631,SEC-NPORT-2020q2
WDC,2020-06-30,2099-12-31,.187648831414,SEC-NPORT-2020q3
WDC,2020-09-30,2099-12-31,.140733921956,SEC-NPORT-2020q4
WDC,2020-12-31,2099-12-31,.19210420426,SEC-NPORT-2021q1
WDC,2021-03-31,2099-12-31,.22774039939,SEC-NPORT-2021q2
WDC,2021-06-30,2099-12-31,.218226985116,SEC-NPORT-2021q3
WDC,2021-09-30,2099-12-31,.170971997883,SEC-NPORT-2021q4
WDC,2021-12-31,2099-12-31,.179001800015,SEC-NPORT-2022q1
WDC,2022-03-31,2099-12-31,.15219733412,SEC-NPORT-2022q2
WDC,2022-06-30,2099-12-31,.164701207721,SEC-NPORT-2022q3
WDC,2022-09-30,2099-12-31,.133078460455,SEC-NPORT-2022q4
WDC,2022-12-31,2099-12-31,.123243536001,SEC-NPORT-2023q1
WDC,2023-03-31,2099-12-31,.158376985754,SEC-NPORT-2023q2
WDC,2023-06-30,2099-12-31,.146375767554,SEC-NPORT-2023q3
WDC,2023-09-30,2099-12-31,.183033663289,SEC-NPORT-2023q4
XRXDW,2019-12-31,2099-12-31,.110787216319,SEC-NPORT-2020q1
XRXDW,2020-03-31,2099-12-31,.064412620698,SEC-NPORT-2020q2
XRXDW,2020-06-30,2099-12-31,.039679617367,SEC-NPORT-2020q3
XRXDW,2020-09-30,2099-12-31,.042922626904,SEC-NPORT-2020q4
XRXDW,2020-12-31,2099-12-31,.044144999113,SEC-NPORT-2021q1
ZBRA,2019-12-31,2099-12-31,.221359732999,SEC-NPORT-2020q1
ZBRA,2020-03-31,2099-12-31,.181146825929,SEC-NPORT-2020q2
ZBRA,2020-06-30,2099-12-31,.192698347629,SEC-NPORT-2020q3
ZBRA,2020-09-30,2099-12-31,.171480718833,SEC-NPORT-2020q4
ZBRA,2020-12-31,2099-12-31,.234112333107,SEC-NPORT-2021q1
ZBRA,2021-03-31,2099-12-31,.289219914726,SEC-NPORT-2021q2
ZBRA,2021-06-30,2099-12-31,.283549944422,SEC-NPORT-2021q3
ZBRA,2021-09-30,2099-12-31,.2721180603,SEC-NPORT-2021q4
ZBRA,2021-12-31,2099-12-31,.280170723948,SEC-NPORT-2022q1
ZBRA,2022-03-31,2099-12-31,.21515751821,SEC-NPORT-2022q2
ZBRA,2022-06-30,2099-12-31,.18106896814,SEC-NPORT-2022q3
ZBRA,2022-09-30,2099-12-31,.177126408523,SEC-NPORT-2022q4
ZBRA,2022-12-31,2099-12-31,.162810091823,SEC-NPORT-2023q1
ZBRA,2023-03-31,2099-12-31,.216190424549,SEC-NPORT-2023q2
ZBRA,2023-06-30,2099-12-31,.183503403206,SEC-NPORT-2023q3
ZBRA,2023-09-30,2099-12-31,.15222908193,SEC-NPORT-2023q4
symbol,effective_from,effective_to,weight,source
AAPL,2019-09-30,2099-12-31,17.51932574376,SEC-NPORT-2019q4
